title,time,likes,stars,info
生娃当天老公发的朋友圈,2天前, 0, 0,null
裁剪做出了质感！还不缺美感,2天前, 0, 1,Midjourney做的
墙体发霉的房子不能住人,2天前, 0, 0,天呐‼️才知道这么严重‼️ 霉菌孢子在房间里会飘散在空气中被人体吸入肺部，引发感染，轻则气短乏力咳嗽炎症，重则癌变。夜里睡觉静静吸入霉菌孢子漂浮物，而且房间还比较密闭，大家一定要注...
涨姿势微语录0508：所谓财富，都是毛线，人生苦短，要及时行乐。,2天前, 0, 0,我们讨论，说为什么国家现在极力推动消费，只有吃喝玩乐火热，其他投资消费都纹丝不动？我们感叹，除去不可说的理由，可说的应该是经过三年疫情和房地产重创，大家突然明白，所谓财富，都是毛线...
朋友收到6k红包可能会更开心,2天前, 0, 1,关系很好的朋友结婚，但是往返路费要6k，要去吗
炒两性话题反噬是必然,2天前, 0, 0,网红顾蚊子因为模仿方头明拍摄“自己曾经做过的油腻女行为”视频，不但在评论区遭抵制，还被造谣得过性病，被私信辱骂。理由是她“背刺女性”、“厌女媚男”。 ​​​
起底健身房频繁跑路的原因。 ​​​,2天前, 0, 0,null
8点上课都要成为时代的眼泪了,2天前, 0, 0,null
在他生命里的每个阶段 ​​​,2天前, 0, 1,null
广州：一个有点假的一线城市,2天前, 0, 0,广州，提起这个一线城市你会想到什么 或许大部分人和我一样，脑海里第一个蹦出来的画面 会是珠江边高耸入云的小蛮腰和天际线 当这个假期我怀抱着游山玩水、打卡美食的心态来到广州，在这里真...
什么样的卫生间，才适合老人用,2天前, 1, 1,卫生间我们也写过很多次了，但很少有关注到为老人所设计的卫生间 其实，老人才是使用卫生间比较多的，因为 ta 们一直待在家里，也经常会在卫生间这个地方发生意外 也是因为最近我在网上看...
教育投入是一种消费不是投资，顺道满足家长精神需求,2天前, 0, 1,@纯银 V：信息流上刷到讲中产阶级养娃经的，特指中产中上层，几千万资产那种，又到不了亿万富豪的地步。 这样的家庭养娃，从私立学校到私立医院，从小过着富养的生活。但按照现在的经济趋势...
即使不能给与帮助和同情，也请不要再施加二次伤害,2天前, 0, 0,@杭州金融女民工：哈尔滨这起租户私砸承重墙导致整幢楼成为危房损失超过 1.6 亿的事件中，有一位受害业主在微博发声，主要讲述了目前受害业主们的现状，并希望政府能维护全体受害业主的合...
前所未有重大挑战 ​​​,2天前, 0, 0,null
真是整词高手,2天前, 0, 0,真是整词高手，“自雇经济”、“轻创业”。 ​​​（@长安乔木在微博）
拒绝动物表演！ ​​​,2天前, 0, 0,null
忽报人间曾伏虎，泪飞顿作倾盆雨。 ​​​,2天前, 0, 1,null
《学好数学》 ​​​,2天前, 0, 1,null
辛爽和秦昊分析龚飙这个人物角色身上有种东北人的精神：“穷横” ​​​,2天前, 0, 0,null
人生最顶级享受,2天前, 0, 1,null
韩国模特ahnlina ​​​,2天前, 0, 0,null
这个好可爱 天才设想,2天前, 0, 1,null
在泰国酒店吃榴莲被罚1000元,2天前, 0, 0,null
普通人怎么拥有千万资产，打工是不可能的,2天前, 0, 1,@自我的 SZ：好多人在讨论，有人也在出谋划策告诉大家如何拥有千万资产，我身边朋友圈 90% 都达到了这标准，今天从达到者角度说说普通人都是怎么样拥有千万资产的。 首先说机会永远都...
全球独角兽公司的诞生时间,2天前, 0, 0,Crunchbase 的这两份数据对比起来很有意思： 第一张图，是全球独角兽公司（估值 10 亿美金以上且未上市）的诞生年份，峰顶是在 2015 年，此后开始滑落。 第二张图，是投...
靠山吃山，靠城市就吃城市，切忌盲目随意,2天前, 1, 0,@菊厂刘掌柜：产业都是聚集的，聚集度越高代表着效率越高，成本越低，越有竞争优势。就像昨天那个河南许昌网友，我说他可以找找老家假发的生意，这就是他的资源，关键看其能不能挖掘的到。 做...
漫威缺英雄的话，要不要考虑下亚洲人，就怕拍成纪录片 ​​​,2天前, 0, 1,null
成熟的狗狗不仅会开锁，还会到处遛自己,2天前, 0, 2,null
一个娱乐性质的比赛也要体现领导的不同之处,2天前, 0, 0,null
哈哈哈哈不如还是让张小雷自己来吧,2天前, 0, 0,null
到底是迷迷瞪瞪的早结婚好，还是明明白白的晚结婚好？,2天前, 1, 1,null
做饭真的很危险,2天前, 0, 0,null
像极了不想上班的我,2天前, 0, 2,null
写给妈妈的信。,2天前, 0, 2,null
留学生真是什么都做得出来,2天前, 0, 1,null
女性理想择偶的变迁,2天前, 0, 0,@喝红茶的三叔：女性理想择偶的变迁： 1. 五十年代：解放军 (最好：战斗英雄) 2. 六十年代：工人（最好：劳动模范）“一工二干三教员，宁死不嫁农民汉” 3. 七十年代：革命分子...
2023 巴菲特股东大会 800 字精华版来了（附全文）,2天前, 0, 0,5 月 6 日周六，从美国中部时间上午 9 点 15 分（北京时间晚 10 点 15 分）开始，今年 8 月 30 日将满 93 岁的巴菲特和老搭档、已经 99 岁的芒格出席伯克希...
股神开会…,2天前, 0, 0,昨晚伯克希尔的年会再次刷屏，两位 90 多岁的老头又在台上讲了 6 个多小时。与他们的财富相比，这健康水平才更令人羡慕吧。 年会本身很冗长我没去看直播，但看了好几个版本的文字记录。...
cpu看烧了，真的是有性别刻板印象，我自罚三杯,2天前, 0, 1,@sci_accepted 顺利毕业版：有一个师姐，研三那年报考她老板的博士，结果发现她老板的小三也报了她老板的博士。 她老板的小三是本科来他们实验室做实验和老板勾搭上的，因为老板...
我发现骗子还是挺有良心的,4天前, 0, 2,一开始我以为说被骗肯定是钱收了人没来 看到最后 我发现骗子还是挺有良心的
小时候的猜想变成了现实,4天前, 0, 1,null
我和同龄人的区别 ​​​,4天前, 0, 1,null
会有天使替我奶你。,4天前, 0, 2,null
“那就让他就成为play中的一环”,4天前, 0, 1,null
第一次感受到文字的力量,4天前, 0, 0,null
空气免费的唯一原因是因为没有有效的收费方式,4天前, 0, 0,白菜！新加坡进口 Pearlie White 白丽洁 薄荷清新剂喷雾 8.5mL*2 支新低 15.8 元包邮（7.9 元 / 支） 白菜！隽永天香 特级浓香型茉莉花茶 50g 新...
孩子刚出生时VS孩子上学后,4天前, 0, 2,null
榴莲：我真的会谢 ​​​,4天前, 0, 1,null
富二代的卡里到底有多少钱,4天前, 0, 1,有没有富二代给我500万，你失去的只是一笔小钱，却可以让我感受不一样的人生
订婚后婆媳关系爆炸了怎么办,4天前, 0, 2,null
打工久了就会明白的道理 ​​​,4天前, 0, 2,null
一个少年班的副厅级干部移民匈牙利……,4天前, 0, 3,@申典启：【一个少年班的副厅级干部移民匈牙利……】 在匈牙利，我见到了一个更神奇的华人老周。 老周出生于黑龙江，16岁少年班进到北京上大学，当时他们高校的一个少年班，就招了20人，...
你也读不了多久书,4天前, 0, 1,null
国粹精选：“60秒语音”,4天前, 0, 2,null
88万的公考培训班 ​​​,4天前, 0, 1,null
24年过去了，我们不能忘。,4天前, 0, 3,缅怀邵云环、许杏虎、朱颖三位烈士
1比1兑换这个也真敢想,4天前, 0, 1,null
只能说罪有应得,4天前, 0, 1,null
要真有8分就不用担心了,4天前, 0, 1,null
别骂我了,4天前, 0, 4,我以前在农村养过一段时间大型牲口。 牛这玩意力气大耐力足，能干很重的活但实际上效率不高，因为它干活慢吞吞的。 马这东西能跑能拉，但是耐力很差，强度大一点做久了就要歇菜。 驴是好东西...
“敦煌的女儿 北大的骄傲” 致敬樊锦诗女士,4天前, 0, 2,null
少读点书解决的更快,4天前, 0, 3,null
那个广告更讽刺了,4天前, 0, 2,null
“明天我一定要提高效率全部搞定！” ​​​,4天前, 0, 0,null
老虎：没惹你们任何人 ​​​,4天前, 0, 1,null
搜狐新闻：独家|男子曝光15年前戒网经历：电击持续一小时 家长崇拜杨永信,4天前, 0, 2,null
开局一张图，剩下全靠编。,4天前, 0, 0,null
我安慰人,4天前, 0, 0,null
不是能带你入美籍了吗小仙女,4天前, 0, 1,null
百度动态：燕郊买房那波人。,4天前, 0, 1,null
交管安全教育视频可以抵扣违章罚款,4天前, 0, 0,试过了真的可以！下载新版的“交管12123”可以通过观看教育视频，抵扣违章处理的罚款！不过大家还是要注意行车规范！安全第一‼️码住这条「交管安全教育视频抵扣违章罚款」 ​​​
有哪些曾经很火却消失了的东西，一听就知道是时代的眼泪。 ​​​,4天前, 0, 1,null
这么神奇吗？等有蚊子了我来试试,4天前, 0, 1,null
古已有之,4天前, 0, 1,在博物馆里遇到了蜜蜂狗
“鸡娃不如鸡自己！”,4天前, 0, 3,信息流上刷到讲中产阶级养娃经的，特指中产中上层，几千万资产那种，又到不了亿万富豪的地步。 这样的家庭养娃，从私立学校到私立医院，从小过着富养的生活。但按照现在的经济趋势，小孩长大以...
没有加我个人微信，请你马上添加！,2023 年 4 月 4 日, 0, 0,今天清理了一下微信，空出些位置，想加的朋友可以加了 ps：这个微信纯粹的分享个人生活和发布一些通知 扫下面二维码或者搜微信id：Hergeee
涨姿势每日精选,2022 年 1 月 22 日, 0, 18,公众号 “涨姿势每日精选” 每天网站更新内容的合集，都会发到这里，还有一些网站不能发的都发到这里（不是涩涩的那种哦~） 基本可以做到日更哦~ 可以关注一下哈~
测测你的智商,23小时前, 0, 3,null
《人性的弯道》,23小时前, 0, 2,90年代发生的一件骇人听闻的真实事件 ​​​ 王老师去的时候多了个心眼，想坐火车回长沙，但同行者坚持让他坐汽车。那年12月30日半夜，在山路弯道处突然蹦出个小女孩，司机一打方向就翻...
你也觉得爱你是件令人感到耻辱的事啊 ​​​,23小时前, 0, 2,null
上网后我的语言水平： ​ ​​​,23小时前, 0, 0,null
确认是酒驾+超速的话，只能说一句下辈子别酒驾别超速了。,23小时前, 0, 1,这么惨烈的特斯拉事故……完全解体了。据说是酒驾+150的速度直接撞水泥墩，车上人没了。 ​​​ ps：地上散落的是解体的电池组
“因为青春的梦想往往是不完美的…” ​​​,23小时前, 0, 1,有人问过井上，“为什么不设计湘北最后夺冠？” 井上回答说：“因为青春的梦想往往是不完美的…” ​​​
我认为在平淡的生活中能让自己快乐起来属于一种了不起的技能。 ​​​,23小时前, 0, 0,母亲节礼物！周大生 葫芦吊坠 和田玉项链 券后158元包邮 獭祭官方旗舰店：獭祭纯米大吟酿 45四割五分720ml 199元包邮（需领券） 【周大生】和田玉柿柿如意 纯银项链 劵后...
剑鱼宝宝,23小时前, 0, 0,剑鱼宝宝，成年后身长一般可达3米，甚至更长，体重可达600多公斤。
最终还是决定了儿子随父姓 ​​​,23小时前, 0, 0,null
伍佰的歌单出这么早，怕不是为了让粉丝提前练习吧,23小时前, 0, 0,null
涨姿势微语录0510：人的很多苦恼都源自寿命太长，焦虑感和预期寿命成正比。 ​​​,23小时前, 0, 1,最近的app们都搞不清楚自己定位，没皮没脸的，你一个看地图的，修图的，购物的，社交的，凭什么打开时暂停我的歌，你是什么东西 ​​​ 市场经济是供求关系决定价格，劳动力市场其实也是如...
穿衣自由与双标,23小时前, 0, 1,null
凭什么假定同事性别？,1天前, 0, 1,null
不该改供词呀！一时心软容易会被反咬一口！,1天前, 0, 1,@海牛蕾姆：#夫妻因喂养两条弃狗被指控盗窃罪# 这新闻又是一个小小的仙女震撼。 一名小仙女看到楼顶天台有两条狗，狗主人养得不怎么用心，于是她爱心发作，没事就去照顾下狗。 喂了一年以...
特朗普被裁定性侵,1天前, 0, 0,被裁定性侵，但𣎴是强奸？我读书少，生活经验又不够，不知道怎样理解。 ​
关于福报的解释 ​​​,1天前, 0, 2,null
“这不是留给你高谈阔论了吗”,1天前, 0, 1,null
其实不管男女都是这样，“认识人”什么的基本没啥用，在职场上大多都是利益交换。,1天前, 0, 0,@琉玄：普通女孩想要通过“认识人”来获得资源是很难的。可以说基本不可能。但这么简单一句话，也很难叫人相信，毕竟大家似乎都看见有人“因为混圈混得好所以风生水起”，那只是“似乎看见”啦...
你糊弄我 我糊弄你 ​​​,1天前, 0, 1,null
令人窒息的控制欲 ​​​,1天前, 0, 0,null
抢到想看的演出门票后，妈妈： ​​​,1天前, 0, 0,null
给大家总结了比较全面的对抗躁郁症的逻辑架构,1天前, 0, 2,@咸鱼中下游：在做了一段时间专业的心理咨询之后，给大家总结了比较全面的对抗躁郁症的逻辑架构，共分为五个大类：躁郁症基本一辈子都在与“稳定”这两个字做斗争，希望这五种方法能够帮助孤身...
拜托 这可是下班！,1天前, 0, 0,null
《妈妈年轻时候的日记》 ​​​,1天前, 0, 1,null
可见男性教师是有多稀缺了 ​​​,1天前, 0, 1,null
还是心不诚，要真想来 早走线过来了,1天前, 0, 0,是不给发签证还是买不起机票啊 实在不行反向走线来中国也行啊
嗯，大抵如此吧！,1天前, 0, 0,null
一颗门牙达成双杀。,1天前, 0, 0,null
父母看小说一年花一万五值不值得破防,1天前, 0, 0,null
是再看一眼会后悔的程度,1天前, 0, 0,null
俄罗斯举行胜利日阅兵 空中阅兵环节取消,1天前, 0, 0,当地时间2023年5月9日10时，俄罗斯首都莫斯科举行俄罗斯纪念卫国战争胜利78周年红场阅兵。今年共有超过1万名来自俄各军种官兵及军校学员，俄军轮式、履带式和防空系统等125件地面...
看得出来，编剧真的可以为所欲为 这是我看过剧情最狗血的电视剧…… ​​​,1天前, 0, 0,null
碾压真人拍摄！你必须学会的 AI 作图工具,1天前, 0, 2,讲真的，这样下去很多设计师要失业了，而且绝对是一场大的改革和调整。 我不是危言耸听，大家看下面的文章吧。 我现在随便举一个例子，假设你公司是卖衣服的，比如卫衣比如产品是这一张 好，...
一个网友恶作剧在中文维基百科编撰了 206 个词条，“创作” 了浩瀚而自洽的古罗斯历史,1天前, 0, 1,@荐见：讲个故事。 今年 6 月份，全球最大的互联网百科全书 “维基百科” 曝出一个巨大的造假丑闻。一个名叫折毛的网友在中文维基百科编撰了 206 个词条，修改 4800 多次，“...
和很多人理解不一样的是，工厂不让加班大家就离职,1天前, 0, 1,某车企最近大规模离职的事，据说是因为工作量少了，不加班了，于是大规模离职。要不是我之前这个帖子，我还真不太好理解为啥不加班这么高兴的事，他们反而不干了。
《乘风2023》这一次是情怀杀还是高端局？,1天前, 0, 1,5 月 5 日，芒果 TV《乘风 2023》开播了，33 位女明星的大聚会。这一次的选人，看得出芒果台也是费了一番心思，率先出圈的片段是秋瓷炫和李彩桦的 “世纪同框”。 ▲两人见面...
淘宝推出 “时光机” 活动：可查看近20年消费数据，还有机会 “报销20年账单”,1天前, 0, 1,近日淘宝推出了 “时光机” 活动，用户可查看自己近 20 年的消费情况。 在淘宝搜索栏 “淘宝时光机” 即可查看，其中显示了用户首次使用淘宝的日期，共花费的钱数、下单数，全国排名，...
漫威终于来了部能看的？,1天前, 0, 0,昨天陪老娘去医院做检查，出来才扎进影院看 《银河护卫队 3》，回来已快晚上观感来不及写，今天补上。 截至 2019 年漫威一直是进口片市场龙头支柱，闭着眼都是至少六、七亿...
“全职儿女” 是不是真的成了当下年轻人就业的新选择,1天前, 0, 0,@南周知道：近日，一篇名为《29 岁全职女儿丨不想努力了 在家躺平吧！》的帖子获得了 5.4 万人点赞，平台上类似的帖子点赞都在一万以上，一时间，关于 “全职儿女” 的话题引发大众...
加拿大和丹麦之间，有一座有争议的小岛：汉斯岛,1天前, 0, 0,@英式没品笑话百科：加拿大和丹麦之间，有一座有争议的小岛：汉斯岛。 1984 年，加拿大军队登陆汉斯岛，插上了自己国家的旗帜，还留下了另一个标志性的标记：一瓶加拿大威士忌。 对此丹...
活在 “厂里” 的人,1天前, 0, 1,@琉玄：不知道我妈看不看《漫长的季节》，她就是活在 “厂里” 的人。这个厂里不止是有工厂，还有医院、学校、杂货部、菜市场、公园。 我妈好像是 17 岁被她爸带进去的，顶替她爸的岗位...
道理就算说烂了也挡不住有些人自我优越感的发挥,2天前, 0, 1,null
见证每一种生物,2天前, 0, 1,null
传世老店,2天前, 0, 1,null
说明生得起孩子的确实有钱,2天前, 0, 1,null
真正的强者，从不屑于抱怨环境,2天前, 0, 3,null
1994年对生成式人工智能的预言,2天前, 0, 2,1994年对生成式人工智能的预言 （《中国漫画》1994年3月号） ​​​
周一并不糟糕，糟糕的是你的工作。,2天前, 0, 0,古尚古 iPhone 全系列钢化膜 2 片装 5.8 元包邮起 伊利 冰淇淋组合 多款自选 104.8 元包邮起 日本脱敏膏 降低敏感度 券后8元包邮 厨邦 金品生抽 1.25L*...
物理老师：我的物理世界坍塌了 ​​​,4天前, 0, 2,null
刚出生的婴儿非常脆弱，不能乱喂补品,4天前, 0, 1,今天的案例是婴儿刚出生4个小时，家长就给喂了3克西洋参，结果第二天就开始抽搐……一看CT才知道是西洋参引起的毛细血管扩张➠脑水肿➠颅内出血。 这提醒我们——刚出生的婴儿非常脆弱，不...
愿平安垃圾工作可以带来的启事，我感觉说的很对： ​​​,4天前, 1, 3,null
趵突泉的鱼你别太夸张了,4天前, 0, 1,null
6元一杯，在 “意大利沙县” 萨利亚，年轻人做快乐酒鬼,4天前, 0, 0,在一杯 6 元的葡萄酒背后，萨莉亚提供的不只是一个 “意大利沙县” 的可能。人们发现，在低价的食物中，自己的人生也在被折叠。 文 | 钟艺璇 编辑 | 曹默涵 ...
18 岁的我搭顺风车从北极到南极,4天前, 0, 1,在机场遇到了一个有趣的流浪汉，于是买下了他的裤子和鞋子。 以上是我编的。 其实这是一双陪我走遍世界的鞋子，它踏过六大洲的土壤，吹过五大洋的海风。 它的泥泞，也要带回家珍藏，因为它尘...
游客人数到底怎么统计的？,4天前, 0, 0,@有数 DataVision: 前两天在上海打车，遇上了一位大公司财务主管，下班兼职跑滴滴的师傅。碰巧堵在南北高架上，这位师傅有感而发，痛斥了一番他五一加班挣外快时的悲惨...
这个五一各个城市的消费数据都好夸张啊,4天前, 0, 0,各位，五一假期回来返工感觉如何 我也出去旅游了一趟，最大的感受是：一切全都回来了 不管是景区还是酒店、饭店、电影院，每个可以游玩的角落看到的场景都是如此似曾相识 这不假期后，关于五...
看到大家议论中国男足如何能崛起，要我说，爱个姑娘吧，她一逼你就努力去踢了,4天前, 0, 2,@汪有: 看到大家议论中国男足如何能崛起，要我说，爱个姑娘吧，她一逼你就努力去踢了；如果不讨厌小孩，就再生个娃，当了爹你就会为了不在孩子面前丢脸而使劲踢球了。然后你能跑多...
李想大战自媒体：煽风点火还是忍无可忍？,4天前, 0, 0,五一假期过完，让大家率先进入状态的，是一场有关营销的争论。 这场争论横跨数天，业内众多人士纷纷发声，和网友一起组成了 5 月中国新造车第一场舆论大激斗。 激斗的核心人物之一，则是理...
普通人怎么拥有千万资产？,4天前, 0, 1,@汪有：#普通人怎么拥有千万资产#这是实在没话题了。有空不如考虑考虑普通人怎么能有双休、医保社保、退休工资吧。用我老婆话说这么闲不如把地拖了。 ​ @顾扯淡：#普通人怎么拥有千万资...
年轻漂亮怎么挖都对,4天前, 0, 0,1、前几年，大厂给资本市场讲故事时，总爱说自家用户 90 后有多少，毕竟年轻意味着未来，能把前浪拍死在沙滩上。后来 B 站干脆弄了个宣传片，名字直接叫后浪，让一帮前浪给后浪唱赞歌，...
熊猫：他不尊重我,4天前, 0, 1,这真是笑死我了，我以为是人装的 ​​​
我才不是平平无奇！你有哪些奇怪的小骄傲？,4天前, 0, 2,null
吹爆清华出的“据意查句”这个神器,4天前, 0, 0,吹爆清华出的“据意查句”这个神器：wantquotes.net，你只需要输入描述，就可以找到相应的名言名句！ 谢谢清华！出了这些在线神器！爱校对（文字校对的）：ijiaodui.c...
只能说这些人演技真棒！,4天前, 0, 1,我终于知道这种片子要怎么拍 原来头上长摄像头是这个样
华佗能治大头就能治小头,4天前, 0, 1,null
普通人怎么拥有千万资产 我认为回答得最好的一篇 ​​​,4天前, 1, 3,null
上班时间谁发消息我都想聊两句，下班时间谁发消息我都不想理。,4天前, 0, 0,六神 生姜健发固根 护发控油 洗发水套装（750ml*2+赠同款100ml*2） 35元包邮（双重优惠） 全国通用，蜜雪冰城 桃喜芒芒 3杯甜蜜套餐 9.9元包邮 维德口腔溃疡喷剂...
大家怎么看“流水线公主”这个词,4天前, 0, 0,null
我知道他为什么能当领导了,4天前, 0, 2,“结婚没通知前领导，但是给我随份子了” ​​​
善良的女孩在社会吃的第一个亏,4天前, 0, 2,@比格犬受害者联盟：《我真的很想养它》去年疫情封控，狗因为太久没出门，自己偷跑出去了。我调了半天监控，也没发现具体丢在哪，一直没有找到它，就这样过了30天。过年的前两天，有人发现它...
我们减肥人是这样的,4天前, 0, 6,null
看着还怪香的,4天前, 0, 0,null
远离爱嘲笑别人快乐廉价的人，他活的不快乐也希望别人不快乐,4天前, 0, 2,关于“流水线公主” 这个评论 ​​​
真难得被偷拍不仅没有生气还反过来帮忙解释,1天前, 0, 2,null
医生太可爱了,1天前, 0, 1,null
《转户口》 ​​​,1天前, 0, 0,null
青岛民政局长的好像城堡,1天前, 0, 1,null
哈哈还是这个比较像 ​​​,1天前, 0, 1,null
这位乘客你拿走了属于司机的那一份安全感,1天前, 0, 0,null
女子官宣结婚被民警提醒赶紧分手,1天前, 0, 0,近日，浙江嘉兴秀洲王江泾的李女士，在社交平台公布了婚讯，幸福之情溢于言表。在留言道贺的好友里，秀洲王江泾派出所民警马驰骅，却发出了疑问。在详细了解情况后，马驰骅立刻感觉不对，赶紧叫...
印度：你礼貌嘛？,1天前, 0, 1,"""成绩也不理想"" ​​​ 印度：你礼貌嘛？"
越长越像了 ​​​,1天前, 0, 0,null
电子镣铐？,1天前, 0, 0,工作场所的人体存在传感器，通提取人体进入环境后的距离、相位、呼吸、心跳等电磁波反馈信号数据，办公室老板就能知道谁在不在办公桌前了。
创业公司劳动法都不看，吃早药丸,1天前, 0, 0,我发现有些老板真的有一种，我给你一个工作你就得给我跪下说话的气势，句句挂着劳动法，却看不明白字，试用期就不用交社保，您那本劳动法是地摊上买得盗版的吧？ ​​​
硬抗七个小时 ​​​,1天前, 0, 2,好样的，硬抗七个小时（@心有善念途中便有天使）
早上看到条新闻。感慨世界之大。,1天前, 0, 1,@荐见：早上看到条新闻。感慨世界之大。 五年前，山东潍坊一个刚到而立之年的屌丝在运营一个短视频账号的时候发现了流量密码。他专门在网上搜集和发布女艺术生表演、艺考类的日常。流量寻味而...
论黄牛的操作有多离谱,1天前, 0, 0,黄牛果然能找到各种稀奇古怪的进场方式 ​​​
虚岁的存在意义是什么？ 你们觉得呢 ​​​,1天前, 0, 0,null
提醒：不要把脚放在汽车的仪表板上！,1天前, 0, 0,@蓝莓医生：令人不寒而栗的提醒：不要把脚放在汽车的仪表板上！ ⁣一个展开的安全气囊以大约 320 公里 / 小时的速度膨胀，仪表盘上的腿被迅猛后推，髋关节完全脱位，股骨头完全暴露。...
小县城把核酸亭改造成了自习室,1天前, 0, 1,去图书馆的时候发现楼下多了几个核酸采样亭改造的自习室，放置在比较安静的位置，走近发现小小的屋子窗明几净，有空调有桌椅还有可以借还的图书，不知道是谁想出来的点子，真不错啊！ 并没有核...
去负债20万单亲妈妈那秀优越，图啥？,1天前, 0, 1,小红书上有个 30 岁的妈妈，说因为丈夫是个赌鬼，欠了不少债，坚决和丈夫离婚了。但因为婚姻期间的债务要共同负担，所以她也连带欠了 20 万。 身负 20 万的债务、工作收入不高、没...
白酒的价格竞争,1天前, 0, 0,品牌力可以让酒企拥有提价权，同样的，提价也能让酒企提升品牌力，这是良性循环，但前提是企业的品牌力能够支撑它的提价，否则提价后影响了销量，对企业反而是个伤害，就像东阿阿胶，你一路提价...
基金公司赚钱，基民不赚钱，谁来背锅？,1天前, 0, 0,@持有封机：今天早上我根据天天基金网的数据统计了一下，在今年有数据的 7204 只混合基金中，盈利的只有 3665 只，中位数只有 0.08% 了，今天我粗粗看了几个基金的预估，似...
因为一次性刷很多鞋而被老师认为我被校园霸凌,1天前, 0, 1,我高中是寄宿的，刷鞋要自己刷，但是我懒的一双一双的刷鞋，所以每次都是攒五六双六七双鞋，实在没有鞋可穿的时候再挑一天一次性刷完。 某一次我正在愉快的刷鞋们，可能是耗费的时间比较长，宿...
一个媒婆分享的一个女生相亲要求,1天前, 0, 0,@杭州金融女民工：粉丝群里看到一个媒婆分享的一个女生相亲要求的视频。 坐标是浙江某三线小城市。 女生自身条件如下： 1、28 岁； 2、学历为全日制本科（非 985 非 211）；...
在时也，命也面前，个人的努力不值一提,1天前, 0, 0,@天涯历知幸：我以前在银行工作的时候，同事有一个客户，中年男性，搞工程的，熟了以后，挺喜欢和我们聊天的。他出生于 70 年代的苏北农村，家里穷的叮当响，初中没毕业，就跑到南京来讨生...
80后是当下中国的中坚力量，但普遍来看他们的境况并不那么让人乐观,1天前, 0, 0,@Herbiewu：最近和几拨 80 后朋友们分别交流了一下，颇有感叹。80 后是当下中国的中坚力量，但普遍来看他们的境况并不那么让人乐观，很多甚至可以用苦逼来形容。 80 后是独...
共和国长子的 “中年突围”,1天前, 0, 3,随便跟大家聊聊东北，主要是我看书的一些想法，还有所见的一些心得，不一定对，大家批判着看。 关于东北，有三个问题： 那地方之前就是边疆地区，后来怎么突然间成了中国工业的中心？ 后来怎...
把相亲当做一项研究工作来做，让人服气,1天前, 0, 0,@皇城根下刀笔吏：把相亲当做一项研究工作来做，让人服气。这个帖子的内容，是否属实，我不太确定，不过我以前听说一个男生，为了结婚找对象，大概相了一两百个人。他本人长得不算帅，但是在找...
一个五线城市的自我求生。,1天前, 0, 1,百姓安居乐业就是文明进步
实在是不好看，大家别去搜了,1天前, 0, 0,null
斗鱼的午夜福利看来要完了。 ​​​,1天前, 0, 0,null
这就是新中国的一个历史缩影,1天前, 0, 2,2014放开二胎，短暂的提高了出生率。其它的不多说自己看。
一把尺量遍天下人，唯独不量自己。,1天前, 0, 2,我没有说第一张图是正确的哦，我希望任何事情我们只分对错，别分性别。
越有钱越过得顺风顺水，越是穷遇见麻烦事越多。 ​​​,1天前, 0, 0,FlowerPlus花加 母亲节主题 康乃馨鲜花束套装 49.9元包邮 车载破窗锤 9.8 元包邮 韩国进口 Lotte乐天 迷你黑巧牛奶冰淇淋 4 盒 / 30 枚 96 元顺丰...
“共计110年刑期” ​​​,1天前, 0, 1,null
朴实无华的阿姨～,1天前, 0, 0,null
面试官问：“你学历有点低呀，你会怎么办？” ​​​,1天前, 0, 0,null
虽然它量少 但是它价格高呀,1天前, 0, 0,null
老师：这个书不教也罢,1天前, 0, 0,null
苦了孩子不能苦自己,1天前, 0, 1,@TheSanfter：我在那啃汉堡的时候还遇到一个事，一个老奶奶领着一个小孙子也在点单，两个人只买了一盒薯条，然后坐在了我旁边的位置上，小孙子乖乖的坐着，边吃边问：“奶奶，这个真...
从体制内辞职会后悔吗？,1天前, 0, 1,null
你会因为社保问题提离职吗？,1天前, 0, 0,null
还是分手厨房,1天前, 0, 0,null
你离职后，如果没找到合适的工作，还会选择回原公司上班吗？ ​​​,1天前, 0, 1,null
中秋国庆休8天上7天,1天前, 0, 0,今年端午节是6月22日-24日放假，25日（周日）上班。需要连上6天班。而今年中秋国庆假期“合体”，形成8天的超级黄金周，但节后需要连上7天班。9月29日至10月6日放假调休，共8...
爱上班的人有福了 ​​​,1天前, 0, 0,null
你有点肆意了 ​​​,1天前, 0, 0,null
贫困转移，北贫南调,1天前, 0, 1,null
主打的就是一个反差是吧 ​​​,1天前, 0, 0,而且读的法学……属于是符合职业规划了
两个时代碰撞的恍惚感 ​​​,1天前, 0, 0,null
以为点一块钱的酒会最起码有块冰....没想到.... ​​​,1天前, 0, 0,null
《对等》,1天前, 0, 0,挺客气，没用驱逐，而是限期。还给了三天时间卷铺盖
直接把人训练成牛马不就好了？ ​​​,5天前, 0, 0,null
耳机该换换了！,5天前, 0, 0,30天免费试用，3年换新 魔声 AirMars XKT08 真无线蓝牙耳机 多色新低 69 元包邮 蓝牙5.2，支持ENC通话降噪。目前这款蓝牙耳机天猫商城MONSTER魔声安诺专...
喜欢穿洞洞鞋的家人们有福了,5天前, 0, 0,喜欢穿洞洞鞋的家人们有福了洞洞鞋大灯再也不怕走夜路
？？？？？？？是当没人认识辛弃疾吗,5天前, 0, 0,？？？？？？？？是当没人认识辛弃疾吗这样瞎编还热搜高位？？？？？？？？
大家的父母能理解大家工作辛苦很累吗？ ​​​,5天前, 0, 2,null
涨姿势INS美图录：Anok Yai ​​​,5天前, 0, 1,null
让自卑转化为谦卑,5天前, 0, 3,@菜刀太后：和一个前辈聊天，我问人怎么才能克服自卑。他说：多去看大自然。我问为什么？他说：“去看大自然，去看真正的天地，看它的运行规律，时序轮转，道法自然，见识到天地的人，心识就开...
同事登我电脑问我密码是什么 ​​​,5天前, 0, 3,null
如果你当时是开心的，那就不算是浪费时间。 ​​​,5天前, 0, 0,宜而爽 2023春夏新品 冰丝凉感 撞色明筋 男士平角裤 4条装 29.9元包邮 【¥27.9】威猛先生 管道疏通剂 500ml*3 瓶 不二家 脆皮可可浓郁巧克力派 12 枚 *...
今天这个案例是发生在2021年的宿舍内罕见事故,5天前, 0, 1,这个案例是发生在2021年的宿舍内罕见事故—— 由于热水器长期漏电，给宿舍地面的瓷砖+砂石+水泥形成的电容反复充电，再加上逝者手部接触铁皮衣柜，瓷砖超级电容放电，直接形成18000...
团建的目的：是让老板以为我们团结了！ ​​​,5天前, 0, 0,团建的目的：是让老板以为我们团结了！ ​​​（@你别说还真是这样）
双方权力不对等下的consent，绝不只是一个表情，一句话，一瞬间。,5天前, 0, 0,null
月薪过万，但工作不开心要辞职吗？,5天前, 0, 0,月薪过万，但工作不开心要辞职吗？
涨姿势微语录0505：承认自己没能力，有益身心健康,5天前, 0, 2,你们还没上班可能感受不到，这个世界上啊……不是所有人都能把话说清楚、说明白的……如果一个人可以简明扼要而不失风趣地把自己想表达的东西表达出来，简直可以称得上是人才，很稀有的…… ​...
这是左冷禅的特使…,5天前, 0, 1,卧槽，这是什么特种兵？ 五天打卡五岳的当事人发布的计划表
满不在乎轻描淡写到气急败坏。,5天前, 0, 4,null
狗碑,5天前, 0, 0,null
真特么狂,5天前, 0, 3,null
西化的向往的生活,5天前, 0, 1,原来在西方人眼里《向往的生活》是这样的 ​​​
这个中产有点高了,5天前, 0, 1,null
我一个变态都觉得变态,5天前, 0, 1,null
确认过眼神 都是中国人 ​​​,5天前, 0, 1,null
第27届“中国青年五四奖章”揭晓！只有这个人，没有照片…… ​​​,5天前, 0, 2,可能名字都是假的
这个官方数据应该还不全，类似杭州和淄博的数据还没出，可以再等等,5天前, 0, 0,null
水手服少女,5天前, 0, 2,null
《最强大脑》,4天前, 0, 0,null
在看这个！全国男性平均身高！,4天前, 0, 0,在看这个！全国男性平均身高！山东人竟然是第一我的妈呀！（河北人据我观察差不多，如果是年轻一代平均身高应该能往上提个1厘米左右，但也就这么多了 *编辑了一个女生身高的版本！ ​​​
终于结束了！ ​​​,4天前, 0, 0,null
好像一切都没有发生，不能当做一切都没有发生。,4天前, 0, 3,@张文宏医生：搭乘深夜航班MU5165 在夜间23点45分落地，打开微信，第一条跳出来的消息就是世卫组织宣布新冠不再构成国际关注的突发公共卫生事件（PHEIC）。 匆匆从熟悉的北京...
世卫组织：自大流行开始以来至少有2000万人死于新冠 ​​​,4天前, 0, 0,null
野叟半夜献曝。《井上雄彦是我爹》。,4天前, 0, 0,野叟半夜献曝。《井上雄彦是我爹》。（@李弱可）
政府办公大楼比学校破旧，这个城市有希望有未来,4天前, 0, 0,@曾经是只小可爱：头两张是淄博市委跟市政府的办公楼，中间六张是几个淄博中小学的照片，都是近二十年来新盖的。最后一张照片是山东农业工程学院淄博校区。 我想重点说说最后一张，因为这是我...
虽然很残忍但我只能说活该,4天前, 0, 1,null
见证了历史了属于是,4天前, 0, 0,null
注意南方落叶,4天前, 0, 1,null
这是在干什么？？？？？？？？？,4天前, 0, 0,null
我的评价是：淄博体现了社会主义的优越性,4天前, 0, 2,null
最近这种带爱国主义节奏，实际上制造撕裂的账号越来越多了,4天前, 0, 0,@林中白狼：韩国正在偷中国的炸酱面，甚至标注炸酱面的起源在韩国仁川 @峰哥亡命天涯：我没有恶意，你咋不把人家的维基百科截全呢？起源于仁川一家名为“共和春”的中餐馆。
商家可以看市场吃饭，但政策必然要有前瞻性,4天前, 0, 1,@卢诗翰：今天看见一个信息，我觉得很值得摊开说一下。前段时间淄博火热，他们地方政府立刻表示旅店不得涨价否则处罚对吧？许多人在讨论这样对不对。 但实际上，还有一个地方，给出了更大更严...
卖馒头能挣钱么？,4天前, 0, 1,@菊厂刘掌柜：从来没有看不起小生意，拿卖馒头来说，能不能挣钱，能挣多少钱？不少人算不出来的，却着急忙慌干所谓大生意。 卖馒头能挣钱么？答案肯定是：能。要是不挣钱，就没人卖了。 一个...
人类面对全新事物时，经验会失灵,4天前, 0, 6,@徐佳杰 plus: 以前我对良渚文化很感兴趣。常常跑去听一些有意思的讲座。某场的内容我今天还依稀记得。 专家说，当初在江浙地区发现某个墓葬（瑶山还是反山我忘记了）的时候...
难怪叫社畜,4天前, 0, 2,@偏财居士：我以前在农村养过一段时间大型牲口。 牛这玩意力气大耐力足，能干很重的活但实际上效率不高，因为它干活慢吞吞的。 马这东西能跑能拉，但是耐力很差，强度大一点做久了就要歇菜。...
男性被性侵的事,4天前, 0, 2,@法山叔：#对性侵说不 #最近有朋友提到男性被性侵的事。关于这个话题，可能很多真实情况大家并不清楚。在看完我们做的这幅条漫后，诸位对这个问题或许会有更多的了解。
前天，加拿大班夫国家公园被来自世界各地的女性消防员给点着了,4天前, 0, 1,@ChefPopa：前天，加拿大班夫国家公园被来自世界各地的女性消防员给点着了 五月第一周，加拿大阿尔伯塔省举办了国际女性消防员大会，包括了世界各地女性消防员交换生训练项目。 这个...
聊几句最近网上挺火的招远市抓金条悬赏,4天前, 0, 0,聊几句最近网上挺火的招远市抓金条悬赏。 简单说就是当地旅游局长拿出一个价值 1000 万的金条（25kg），说谁能单手抓起来就金条拿走。消息一出立刻在互联网上引爆，官方后续又补充了...
掉进手机里的留守儿童和专家不敢提的建议,4天前, 0, 1,“留守儿童为打游戏 5 天 5 夜 不睡觉”“手机沉迷，催生乡村新问题少年”“沉迷手机，导致体质下滑”“留守儿童手机成瘾，濒临失控”这是武汉大学的夏柱智教授，在对乡村留守儿童的手机...
广交会三期结束了，大致复盘一下,4天前, 0, 0,@风中的厂长：广交会三期结束了，大致复盘一下： 总体效果比 2019 年差很多，欧美人少了 70% 以上，亚非拉占比高，但是亚非拉量小价格低。也买不起欧美的款。 遇到各行各业的参展...
当事人同意，而且没有违背妇女意愿,5天前, 0, 0,null
当代人许愿真的好卑微……  ​​​,5天前, 0, 2,null
混乱人生，享受之！,5天前, 0, 2,@推拿熊：现在还在因为年轻人不买房不买车不生孩子不还贷不创业每天除了上下班想着的都是出去玩去烧香拜佛去迪士尼环球影城团建甚至是去长沙吃小龙虾跨国去骑小摩托而忧心忡忡的大明白们，再过...
