荣耀笔记本电脑MagicBook 14 英特尔酷睿高性能游戏轻薄本标压 i5-12500H 16G 512G RTX2050独显 长续航 灰,4999.00,2万+,荣耀京东自营旗舰店
华为笔记本电脑MateBook D 14 SE版 14英寸 11代酷睿 i5 8G+512G 轻薄本/高清护眼防眩光屏/手机互联 银,3399.00,50万+,华为京东自营官方旗舰店
华为笔记本电脑MateBook D 14 2022款 14英寸 11代酷睿 i5 16G+512G 轻薄本/护眼全面屏/手机互联 银,4099.00,50万+,华为京东自营官方旗舰店
机械革命（MECHREVO）极光Pro 15.6英寸游戏本 笔记本电脑(i7-12650H 16G 512G RTX4060 165HZ 2.5K屏),6488.00,10万+,机械革命京东自营官方旗舰店
联想笔记本电脑小新Pro16 英特尔Evo平台 高性能游戏轻薄本(14核标压i9-12900H 16G 512G 2.5K 120Hz)银 办公,5999.00,20万+,联想京东自营旗舰店
小米笔记本电脑 红米 RedmiBookPro 14英寸 2.5K高清屏 高性能轻薄本(R5 16G 512G 商务办公 长续航 全金属),3499.00,20万+,小米京东自营旗舰店
【10万+好评】德国迈为 轻薄游戏办公笔记本电脑,1499.00,10万+,Mirval电脑办公官方旗舰店
联想笔记本电脑 小新Air14 英特尔酷睿i5 14英寸轻薄本(i5 16G 512G 高色域 大电池)银 商务办公手提电脑,3499.00,20万+,联想京东自营旗舰店
联想（Lenovo）拯救者Y9000P 2023 英特尔酷睿i9 16英寸游戏笔记本电脑(13代i9-13900HX 16G 1T RTX4060 2.5k 240Hz高色域),9999.00,2万+,联想京东自营旗舰店
机械革命（MECHREVO）蛟龙16K 16英寸游戏电竞笔记本电脑（R7-7735H 16G 512G RTX4060 165HZ 2.5K）,6499.00,2万+,机械革命京东自营官方旗舰店
机械革命（MECHREVO）极光Pro 15.6英寸游戏本 笔记本电脑(i7-12650H 16G 512G RTX4050 165HZ 2.5K屏),5999.00,10万+,机械革命京东自营官方旗舰店
戴尔笔记本电脑dell灵越3511 15.6英寸全面屏轻薄本(酷睿i5 16G 512G 锐炬显卡)银 微边框 独立数字小键盘,3599.00,5万+,戴尔京东自营官方旗舰店
ROG魔霸新锐 2023 第13代英特尔酷睿i7 16英寸 星云屏 电竞游戏本笔记本电脑(i7-13650HX 液金导热16G 1T RTX4060 2.5K 240Hz P3广色域),10999.00,1万+,玩家国度ROG京东自营官方旗舰店
联想笔记本电脑小新Pro14 英特尔Evo平台 高性能游戏轻薄本(12核标压i5-12500H 16G 512G 2.8K 120Hz)银办公,4799.00,20万+,联想京东自营旗舰店
荣耀笔记本电脑MagicBook X 14 2023 12代酷睿标压i5 16G 512G 100%sRGB高色域 轻薄本 大电池 手机互联,3699.00,1万+,荣耀京东自营旗舰店
联想笔记本电脑IdeaPad 15.6英寸轻薄本(锐龙8核 R7 8G 512G 全高清防眩光屏) 网课商务办公 预装正版win11,2999.00,10万+,联想京东自营旗舰店
联想ThinkBook 14+ 2023款 13代酷睿i5英特尔Evo平台 14英寸标压轻薄笔记本i5-13500H 16G 512G 2.8K 90Hz,5299.00,10万+,ThinkPad京东自营旗舰店
联想笔记本电脑小新14 英特尔酷睿i5 14英寸轻薄本(13代i5 16G 512G 16:10大视野) 商务办公学习电脑,4199.00,20万+,联想京东自营旗舰店
联想 拯救者 15.6寸大屏Y7000/ R720高刷电竞屏吃鸡永劫设计游戏本二手笔记本电脑 95新 ②力荐i5-6代 独显GTX950-4G独显 标配8G内存+512G固态,1998.00,1万+,西南二手电脑专营店
华为笔记本电脑MateBook D 14 2022 12代酷睿版 i5 16G 512G 锐炬显卡/轻薄本/14英寸护眼全面屏/手机互联 银,4599.00,50万+,华为京东自营官方旗舰店
联想笔记本电脑 小新Pro16 英特尔酷睿i5高性能游戏轻薄本(12核标压i5-12500H 16G 512G 2.5K 120Hz)商务办公,4999.00,20万+,联想京东自营旗舰店
惠普(HP)战66 六代2023酷睿15.6英寸(英特尔13代i5-1340P 16G 1T 2.5K高色域屏120HZ)高性能轻薄本电脑,5199.90,20万+,惠普京东自营官方旗舰店
AppleMacBookAir【教育优惠】13.3 8核M1芯片(7核图形处理器) 8G 256G SSD 深空灰 电脑 MGN63CH/A,7199.00,20万+,Apple产品京东自营旗舰店
华为笔记本电脑MateBook D 14 SE版 14英寸 11代酷睿 i5 8G+512G 轻薄本/高清护眼防眩光屏/手机互联 灰,3399.00,50万+,华为京东自营官方旗舰店
ThinkPad P15v 2022款可选 15.6英寸高性能编程画图设计移动工作站联想笔记本电脑 09CD i7-12700H T600 4G 升级至：32GB内存 1TB高速固态,10399.00,1万+,ThinkPad山东授权专卖店
华硕无畏Pro15 2.8K 120Hz OLED屏新锐龙标压游戏轻薄笔记本电脑(R7-6800H 16G 512G RTX3050高色域)银,6599.00,1万+,华硕京东自营官方旗舰店
联想笔记本电脑小新Pro14超能本 13代酷睿i5 英特尔Evo 14英寸轻薄本(标压i5-13500H 16G 1T 2.8K 高刷屏)灰,5499.00,20万+,联想京东自营旗舰店
惠普(HP)战66 六代 2023酷睿14英寸(英特尔13代i5-1340P 16G 1T长续航 高色域低功耗)高性能轻薄本电脑,4899.00,20万+,惠普京东自营官方旗舰店
华硕Vivobook15 英特尔酷睿i3 15.6英寸高清大屏学生网课轻薄笔记本电脑(i3 8G 256G 低蓝光 护眼屏 WIN11)银,2299.00,1万+,华硕京东自营官方旗舰店
联想ThinkBook 14+ 英特尔酷睿i5 14英寸标压便携轻薄笔记本电脑i5-12500H 16G 512G 2.8K 90Hz,4999.00,10万+,ThinkPad京东自营旗舰店
惠普(HP)战66 六代 2023酷睿14英寸(英特尔13代i5-1340P 16G 1T长续航 高色域低功耗)高性能轻薄本电脑,4899.00,20万+,惠普京东自营官方旗舰店
荣耀笔记本电脑MagicBook X 16 Pro 2023 13代酷睿标压i5-13500H 16+1T 16吋高性能轻薄本 大电池 手机互联,4699.00,1万+,荣耀京东自营旗舰店
华硕无畏15 2023 13代酷睿i5标压 15.6英寸轻薄便携大屏高性能办公笔记本电脑(i5-13500H 16G 512G 护眼屏)银,4399.00,5万+,华硕京东自营官方旗舰店
惠普(HP)战66 14英寸(英特尔酷睿i5 16G 512G 长续航 高色域低功耗屏 1年上门)高性能轻薄本电脑,3999.00,20万+,惠普京东自营官方旗舰店
Apple MacBook Air 13.3 八核M1芯片(7核图形处理器) 8G 256G SSD 深空灰 笔记本电脑 MGN63CH/A,7999.00,20万+,Apple产品京东自营旗舰店
联想ThinkBook 14+ 2023款 英特尔酷睿i5 14英寸标压便携轻薄笔记本电脑i5-13500H 32G 512G 2.8K 90Hz,5999.00,10万+,ThinkPad京东自营旗舰店
联想 拯救者 15.6寸大屏Y7000/ R720高刷电竞屏吃鸡永劫设计游戏本二手笔记本电脑 95新 ②力荐i5-6代 独显GTX950-4G独显 标配8G内存+512G固态,1998.00,1万+,西南二手电脑专营店
惠普(HP)战66 15.6英寸(英特尔酷睿 i5 16G 512GB 长续航 高色域低功耗屏)高性能轻薄本电脑,4099.00,20万+,惠普京东自营官方旗舰店
荣耀笔记本MagicBook X 14 2022 14英寸全面屏轻薄笔记本电脑 （i5 8GB 512GB多屏协同）冰河银,2999.00,5万+,荣耀京东自营旗舰店
惠普(HP)战66六代锐龙版15.6英寸(2023锐龙R7-7730U 16G 512G长续航 高色域低蓝光屏)高性能轻薄本电脑,4499.00,20万+,惠普京东自营官方旗舰店
荣耀笔记本电脑MagicBook 14 2023 13代酷睿高性能轻薄本 标压i5-13500H 16G 512G 2.5K高刷屏 手机互联,4999.00,500+,荣耀京东自营旗舰店
AppleMacBookAir【教育优惠】13.3 8核M1芯片(7核图形处理器) 8G 256G SSD 银色 电脑 MGN93CH/A,7199.00,20万+,Apple产品京东自营旗舰店
机械师创物者X14 便携办公本创作本 14英寸游戏本 笔记本电脑 (i5-12450H RTX2050 16G 512G 100%sRGB),4999.00,13,机械师京东自营官方旗舰店
联想笔记本电脑小新Air15 英特尔酷睿i5 轻薄本(12核i5-1240P 16G 512G 100%sRGB高色域)银 商务办公手提电脑,4499.90,20万+,联想京东自营旗舰店
惠普HP 星14 Pro 14英寸轻薄笔记本电脑(12代i5-12500H标压2.8K 90Hz OLED材质高分高刷屏 硬件护眼)月光银,4599.00,2万+,惠普京东自营官方旗舰店
惠普(HP)战66 锐龙版14英寸(全新7nm锐龙R5-5625U 16G 512G 长续航 高色域低功耗屏)高性能轻薄本电脑,3699.00,20万+,惠普京东自营官方旗舰店
荣耀MagicBook 14 锐龙版 14英寸6核锐龙R5轻薄笔记本电脑 16G大内存 512G 冰河银 多屏协同 高色域,3299.00,5万+,荣耀京东自营旗舰店
华为笔记本电脑MateBook D 15 2022 12代酷睿版 15.6英寸 i5 16G 512G 护眼全面屏/轻薄本/手机互联 皓月银,4699.90,50万+,华为京东自营官方旗舰店
联想ThinkBook 16+ 2023款 13代酷睿i5英特尔Evo平台 16英寸标压轻薄笔记本i5-13500H 32G 512G SSD 2.5K,5999.00,5万+,ThinkPad京东自营旗舰店
华为笔记本电脑MateBook D 14 2022 12代酷睿版 i7 16G 512G 锐炬显卡/轻薄本/14英寸护眼全面屏/手机互联 银,5799.00,50万+,华为京东自营官方旗舰店
华硕灵耀14 2023旗舰版 14.5英寸13代英特尔标压Evo2.8K 120Hz OLED笔记本电脑(i9-13900H 32G 1T RTX3050)灰,9499.90,1000+,华硕京东自营官方旗舰店
联想笔记本电脑IdeaPad 15.6英寸轻薄本(锐龙8核 R7 16G 512G 全高清防眩光屏) 网课商务办公 预装正版win,3499.00,10万+,联想京东自营旗舰店
得力(deli)12本A5/30张无线装订软抄本 记事本/ 工作笔记本子/ 日记本 文具办公用品 7650,16.50,50万+,得力京东自营官方旗舰店
小米笔记本电脑 红米 Redmi Book Pro15 3.2K高色域屏 商务办公 高清屏轻薄本(R7-6800H 16G 512G 带摄像头),4799.00,20万+,小米京东自营旗舰店
【酷睿i9+独立显卡GTX1650】新品16.1英寸八核高性能游戏本iru笔记本电脑轻薄款办公电竞本 酷睿i7-10870H + 4G独显GTX1650 16G内存+1024G高速固态,5698.80,500+,iru旗舰店
荣耀笔记本电脑MagicBook 14 2023 13代酷睿高性能轻薄本 标压i5-13500H 16G 1TB 2.5K高刷屏 手机互联,5499.00,500+,荣耀京东自营旗舰店
ThinkPad 联想ThinkBook 16+ 13代英特尔Evo酷睿标压处理器 轻薄笔记本电脑 i7-13700H 32G 512G 集显0BCD,7299.00,2000+,ThinkBook京东自营旗舰店
广博(GuangBo)A5笔记本子办公会议本记事本学生日记本软抄本 40张10本装颜色随机 GBR0790,13.90,50万+,广博京东自营官方旗舰店
华为笔记本电脑MateBook D 14 SE版 14英寸 11代酷睿i5 16G 512G 轻薄本/护眼全面屏/手机互联 皓月银,3999.00,50万+,华为京东自营官方旗舰店
联想ThinkBook 14+ 2023款 英特尔酷睿i7 14英寸标压便携轻薄笔记本电脑i7-13700H 32G 512G 2.8K 90Hz,6999.00,10万+,ThinkPad京东自营旗舰店
荣耀笔记本电脑MagicBook 14 英特尔酷睿高性能游戏轻薄本标压 i5-12500H 16G 512G RTX2050独显 长续航 灰,4999.00,2万+,荣耀京东自营旗舰店
华为笔记本电脑MateBook D 14 SE版 14英寸 11代酷睿 i5 8G+512G 轻薄本/高清护眼防眩光屏/手机互联 银,3399.00,50万+,华为京东自营官方旗舰店
华为笔记本电脑MateBook D 14 2022款 14英寸 11代酷睿 i5 16G+512G 轻薄本/护眼全面屏/手机互联 银,4099.00,50万+,华为京东自营官方旗舰店
机械革命（MECHREVO）极光Pro 15.6英寸游戏本 笔记本电脑(i7-12650H 16G 512G RTX4060 165HZ 2.5K屏),6488.00,10万+,机械革命京东自营官方旗舰店
联想笔记本电脑小新Pro16 英特尔Evo平台 高性能游戏轻薄本(14核标压i9-12900H 16G 512G 2.5K 120Hz)银 办公,5999.00,20万+,联想京东自营旗舰店
机械革命（MECHREVO）蛟龙16K 16英寸游戏电竞笔记本电脑（R7-7735H 16G 512G RTX4060 165HZ 2.5K）,6499.00,2万+,机械革命京东自营官方旗舰店
华为笔记本电脑MateBook D 14 2022 12代酷睿版 i5 16G 512G 锐炬显卡/轻薄本/14英寸护眼全面屏/手机互联 银,4599.00,50万+,华为京东自营官方旗舰店
联想笔记本电脑 小新Air14 英特尔酷睿i5 14英寸轻薄本(i5 16G 512G 高色域 大电池)银 商务办公手提电脑,3499.00,20万+,联想京东自营旗舰店
联想（Lenovo）拯救者Y9000P 2023 英特尔酷睿i9 16英寸游戏笔记本电脑(13代i9-13900HX 16G 1T RTX4060 2.5k 240Hz高色域),9999.00,2万+,联想京东自营旗舰店
小米笔记本电脑 红米 RedmiBookPro 14英寸 2.5K高清屏 高性能轻薄本(R5 16G 512G 商务办公 长续航 全金属),3499.00,20万+,小米京东自营旗舰店
机械革命（MECHREVO）极光Pro 15.6英寸游戏本 笔记本电脑(i7-12650H 16G 512G RTX4050 165HZ 2.5K屏),5999.00,10万+,机械革命京东自营官方旗舰店
戴尔笔记本电脑dell灵越3511 15.6英寸全面屏轻薄本(酷睿i5 16G 512G 锐炬显卡)银 微边框 独立数字小键盘,3599.00,5万+,戴尔京东自营官方旗舰店
ROG魔霸新锐 2023 第13代英特尔酷睿i7 16英寸 星云屏 电竞游戏本笔记本电脑(i7-13650HX 液金导热16G 1T RTX4060 2.5K 240Hz P3广色域),10999.00,1万+,玩家国度ROG京东自营官方旗舰店
联想笔记本电脑小新Pro14 英特尔Evo平台 高性能游戏轻薄本(12核标压i5-12500H 16G 512G 2.8K 120Hz)银办公,4799.00,20万+,联想京东自营旗舰店
荣耀笔记本电脑MagicBook X 14 2023 12代酷睿标压i5 16G 512G 100%sRGB高色域 轻薄本 大电池 手机互联,3699.00,1万+,荣耀京东自营旗舰店
联想笔记本电脑小新14 英特尔酷睿i5 14英寸轻薄本(13代i5 16G 512G 16:10大视野) 商务办公学习电脑,4199.00,20万+,联想京东自营旗舰店
联想ThinkBook 14+ 2023款 13代酷睿i5英特尔Evo平台 14英寸标压轻薄笔记本i5-13500H 16G 512G 2.8K 90Hz,5299.00,10万+,ThinkPad京东自营旗舰店
联想笔记本电脑IdeaPad 15.6英寸轻薄本(锐龙8核 R7 8G 512G 全高清防眩光屏) 网课商务办公 预装正版win11,2999.00,10万+,联想京东自营旗舰店
【RTX3050Ti】小米 Redmi G游戏本 2022,5678.00,2万+,小米京东自营旗舰店
联想笔记本电脑 小新Pro16 英特尔酷睿i5高性能游戏轻薄本(12核标压i5-12500H 16G 512G 2.5K 120Hz)商务办公,4999.00,20万+,联想京东自营旗舰店
惠普(HP)战66 六代2023酷睿15.6英寸(英特尔13代i5-1340P 16G 1T 2.5K高色域屏120HZ)高性能轻薄本电脑,5199.90,20万+,惠普京东自营官方旗舰店
AppleMacBookAir【教育优惠】13.3 8核M1芯片(7核图形处理器) 8G 256G SSD 深空灰 电脑 MGN63CH/A,7199.00,20万+,Apple产品京东自营旗舰店
华为笔记本电脑MateBook D 14 SE版 14英寸 11代酷睿 i5 8G+512G 轻薄本/高清护眼防眩光屏/手机互联 灰,3399.00,50万+,华为京东自营官方旗舰店
华硕无畏Pro15 2.8K 120Hz OLED屏新锐龙标压游戏轻薄笔记本电脑(R7-6800H 16G 512G RTX3050高色域)银,6599.00,1万+,华硕京东自营官方旗舰店
联想ThinkBook 16p 英特尔酷睿i9 16英寸高性能轻薄创作本 i9-13900H 16G 1T RTX4060 3.2K 165Hz,9999.00,1,ThinkPad京东自营旗舰店
联想笔记本电脑小新Pro14超能本 13代酷睿i5 英特尔Evo 14英寸轻薄本(标压i5-13500H 16G 1T 2.8K 高刷屏)灰,5499.00,20万+,联想京东自营旗舰店
惠普(HP)战66 六代 2023酷睿14英寸(英特尔13代i5-1340P 16G 1T长续航 高色域低功耗)高性能轻薄本电脑,4899.00,20万+,惠普京东自营官方旗舰店
华硕Vivobook15 英特尔酷睿i3 15.6英寸高清大屏学生网课轻薄笔记本电脑(i3 8G 256G 低蓝光 护眼屏 WIN11)银,2299.00,1万+,华硕京东自营官方旗舰店
联想ThinkBook 14+ 英特尔酷睿i5 14英寸标压便携轻薄笔记本电脑i5-12500H 16G 512G 2.8K 90Hz,4999.00,10万+,ThinkPad京东自营旗舰店
荣耀笔记本电脑MagicBook X 16 Pro 2023 13代酷睿标压i5-13500H 16+1T 16吋高性能轻薄本 大电池 手机互联,4699.00,1万+,荣耀京东自营旗舰店
戴尔14pro14英寸超轻薄笔记本电脑,3429.00,1万+,戴尔维克特睿笔记本专卖店
华硕无畏15 2023 13代酷睿i5标压 15.6英寸轻薄便携大屏高性能办公笔记本电脑(i5-13500H 16G 512G 护眼屏)银,4399.00,5万+,华硕京东自营官方旗舰店
惠普(HP)战66 14英寸(英特尔酷睿i5 16G 512G 长续航 高色域低功耗屏 1年上门)高性能轻薄本电脑,3999.00,20万+,惠普京东自营官方旗舰店
Apple MacBook Air 13.3 八核M1芯片(7核图形处理器) 8G 256G SSD 深空灰 笔记本电脑 MGN63CH/A,7999.00,20万+,Apple产品京东自营旗舰店
联想ThinkBook 14+ 2023款 英特尔酷睿i5 14英寸标压便携轻薄笔记本电脑i5-13500H 32G 512G 2.8K 90Hz,5999.00,10万+,ThinkPad京东自营旗舰店
惠普(HP)战66 15.6英寸(英特尔酷睿 i5 16G 512GB 长续航 高色域低功耗屏)高性能轻薄本电脑,4099.00,20万+,惠普京东自营官方旗舰店
Mirval （迈为）德国F5笔记本电脑手提超薄办公大学生上网课游戏设计商务学习英特尔轻薄本 【 F1 】8GB 银 【国行版】128GB 超速硬盘,1499.00,10万+,Mirval电脑办公官方旗舰店
荣耀笔记本MagicBook X 14 2022 14英寸全面屏轻薄笔记本电脑 （i5 8GB 512GB多屏协同）冰河银,2999.00,5万+,荣耀京东自营旗舰店
惠普(HP)战66六代锐龙版15.6英寸(2023锐龙R7-7730U 16G 512G长续航 高色域低蓝光屏)高性能轻薄本电脑,4499.00,20万+,惠普京东自营官方旗舰店
荣耀笔记本电脑MagicBook 14 2023 13代酷睿高性能轻薄本 标压i5-13500H 16G 512G 2.5K高刷屏 手机互联,4999.00,500+,荣耀京东自营旗舰店
AppleMacBookAir【教育优惠】13.3 8核M1芯片(7核图形处理器) 8G 256G SSD 银色 电脑 MGN93CH/A,7199.00,20万+,Apple产品京东自营旗舰店
联想笔记本电脑小新Air15 英特尔酷睿i5 轻薄本(12核i5-1240P 16G 512G 100%sRGB高色域)银 商务办公手提电脑,4499.90,20万+,联想京东自营旗舰店
惠普（HP）暗影精灵9 Intel 16.1英寸游戏本 笔记本电脑(13代i9-13900HX RTX4060 16G 1TBSSD 2.5K 240Hz),9199.00,10万+,惠普（HP）OMEN暗影精灵京东自营旗舰店
惠普HP 星14 Pro 14英寸轻薄笔记本电脑(12代i5-12500H标压2.8K 90Hz OLED材质高分高刷屏 硬件护眼)月光银,4599.00,2万+,惠普京东自营官方旗舰店
惠普(HP)战66 锐龙版14英寸(全新7nm锐龙R5-5625U 16G 512G 长续航 高色域低功耗屏)高性能轻薄本电脑,3699.00,20万+,惠普京东自营官方旗舰店
荣耀MagicBook 14 锐龙版 14英寸6核锐龙R5轻薄笔记本电脑 16G大内存 512G 冰河银 多屏协同 高色域,3299.00,5万+,荣耀京东自营旗舰店
华为笔记本电脑MateBook D 15 2022 12代酷睿版 15.6英寸 i5 16G 512G 护眼全面屏/轻薄本/手机互联 皓月银,4699.90,50万+,华为京东自营官方旗舰店
华为笔记本电脑MateBook D 14 2022 12代酷睿版 i7 16G 512G 锐炬显卡/轻薄本/14英寸护眼全面屏/手机互联 银,5799.00,50万+,华为京东自营官方旗舰店
【2023英特尔+酷睿i7独显】国行4K金属笔记本电脑超薄指纹解锁商务办公设计学生游戏系能手提电脑 英特尔12代 【4K高清款】超性能本+指纹解锁 16G+512G超速固态+豪华礼品,2188.00,2万+,系能旗舰店
华硕灵耀14 2023旗舰版 14.5英寸13代英特尔标压Evo2.8K 120Hz OLED笔记本电脑(i9-13900H 32G 1T RTX3050)灰,9499.90,1000+,华硕京东自营官方旗舰店
联想笔记本电脑IdeaPad 15.6英寸轻薄本(锐龙8核 R7 16G 512G 全高清防眩光屏) 网课商务办公 预装正版win,3499.00,10万+,联想京东自营旗舰店
联想ThinkBook 16+ 2023款 13代酷睿i5英特尔Evo平台 16英寸标压轻薄笔记本i5-13500H 32G 512G SSD 2.5K,5999.00,5万+,ThinkPad京东自营旗舰店
得力(deli)12本A5/30张无线装订软抄本 记事本/ 工作笔记本子/ 日记本 文具办公用品 7650,16.50,50万+,得力京东自营官方旗舰店
小米笔记本电脑 红米 Redmi Book Pro15 3.2K高色域屏 商务办公 高清屏轻薄本(R7-6800H 16G 512G 带摄像头),4799.00,20万+,小米京东自营旗舰店
惠普(HP)战66 六代 2023酷睿14英寸(英特尔13代i5-1340P 16G 1T长续航 高色域低功耗)高性能轻薄本电脑,4899.00,20万+,惠普京东自营官方旗舰店
荣耀笔记本电脑MagicBook 14 2023 13代酷睿高性能轻薄本 标压i5-13500H 16G 1TB 2.5K高刷屏 手机互联,5499.00,500+,荣耀京东自营旗舰店
ThinkPad 联想ThinkBook 16+ 13代英特尔Evo酷睿标压处理器 轻薄笔记本电脑 i7-13700H 32G 512G 集显0BCD,7299.00,2000+,ThinkBook京东自营旗舰店
广博(GuangBo)A5笔记本子办公会议本记事本学生日记本软抄本 40张10本装颜色随机 GBR0790,13.90,50万+,广博京东自营官方旗舰店
华为笔记本电脑MateBook D 14 SE版 14英寸 11代酷睿i5 16G 512G 轻薄本/护眼全面屏/手机互联 皓月银,3999.00,50万+,华为京东自营官方旗舰店
联想ThinkBook 14+ 2023款 英特尔酷睿i7 14英寸标压便携轻薄笔记本电脑i7-13700H 32G 512G 2.8K 90Hz,6999.00,10万+,ThinkPad京东自营旗舰店
华为笔记本电脑MateBook D 14 2022 12代酷睿版 i5 16G 512G 锐炬显卡/轻薄本/14英寸护眼全面屏/手机互联 银,4599.00,50万+,华为京东自营官方旗舰店
华为笔记本电脑MateBook D 14 SE版 14英寸 11代酷睿 i5 8G+512G 轻薄本/高清护眼防眩光屏/手机互联 银,3399.00,50万+,华为京东自营官方旗舰店
华为笔记本电脑MateBook D 14 2022款 14英寸 11代酷睿 i5 16G+512G 轻薄本/护眼全面屏/手机互联 银,4099.00,50万+,华为京东自营官方旗舰店
机械革命（MECHREVO）极光Pro 15.6英寸游戏本 笔记本电脑(i7-12650H 16G 512G RTX4060 165HZ 2.5K屏),6488.00,10万+,机械革命京东自营官方旗舰店
联想笔记本电脑小新Pro16 英特尔Evo平台 高性能游戏轻薄本(14核标压i9-12900H 16G 512G 2.5K 120Hz)银 办公,5999.00,20万+,联想京东自营旗舰店
小米笔记本电脑 红米 RedmiBookPro 14英寸 2.5K高清屏 高性能轻薄本(R5 16G 512G 商务办公 长续航 全金属),3499.00,20万+,小米京东自营旗舰店
荣耀笔记本电脑MagicBook 14 英特尔酷睿高性能游戏轻薄本标压 i5-12500H 16G 512G RTX2050独显 长续航 灰,4999.00,2万+,荣耀京东自营旗舰店
联想笔记本电脑 小新Air14 英特尔酷睿i5 14英寸轻薄本(i5 16G 512G 高色域 大电池)银 商务办公手提电脑,3499.00,20万+,联想京东自营旗舰店
联想（Lenovo）拯救者Y9000P 2023 英特尔酷睿i9 16英寸游戏笔记本电脑(13代i9-13900HX 16G 1T RTX4060 2.5k 240Hz高色域),9999.00,2万+,联想京东自营旗舰店
机械革命（MECHREVO）蛟龙16K 16英寸游戏电竞笔记本电脑（R7-7735H 16G 512G RTX4060 165HZ 2.5K）,6499.00,2万+,机械革命京东自营官方旗舰店
机械革命（MECHREVO）极光Pro 15.6英寸游戏本 笔记本电脑(i7-12650H 16G 512G RTX4050 165HZ 2.5K屏),5999.00,10万+,机械革命京东自营官方旗舰店
戴尔笔记本电脑dell灵越3511 15.6英寸全面屏轻薄本(酷睿i5 16G 512G 锐炬显卡)银 微边框 独立数字小键盘,3599.00,5万+,戴尔京东自营官方旗舰店
ROG魔霸新锐 2023 第13代英特尔酷睿i7 16英寸 星云屏 电竞游戏本笔记本电脑(i7-13650HX 液金导热16G 1T RTX4060 2.5K 240Hz P3广色域),10999.00,1万+,玩家国度ROG京东自营官方旗舰店
联想笔记本电脑小新Pro14 英特尔Evo平台 高性能游戏轻薄本(12核标压i5-12500H 16G 512G 2.8K 120Hz)银办公,4799.00,20万+,联想京东自营旗舰店
荣耀笔记本电脑MagicBook X 14 2023 12代酷睿标压i5 16G 512G 100%sRGB高色域 轻薄本 大电池 手机互联,3699.00,1万+,荣耀京东自营旗舰店
联想笔记本电脑小新14 英特尔酷睿i5 14英寸轻薄本(13代i5 16G 512G 16:10大视野) 商务办公学习电脑,4199.00,20万+,联想京东自营旗舰店
联想ThinkBook 14+ 2023款 13代酷睿i5英特尔Evo平台 14英寸标压轻薄笔记本i5-13500H 16G 512G 2.8K 90Hz,5299.00,10万+,ThinkPad京东自营旗舰店
联想笔记本电脑IdeaPad 15.6英寸轻薄本(锐龙8核 R7 8G 512G 全高清防眩光屏) 网课商务办公 预装正版win11,2999.00,10万+,联想京东自营旗舰店
【RTX3050Ti】小米 Redmi G游戏本 2022,5678.00,2万+,小米京东自营旗舰店
联想笔记本电脑 小新Pro16 英特尔酷睿i5高性能游戏轻薄本(12核标压i5-12500H 16G 512G 2.5K 120Hz)商务办公,4999.00,20万+,联想京东自营旗舰店
惠普(HP)战66 六代2023酷睿15.6英寸(英特尔13代i5-1340P 16G 1T 2.5K高色域屏120HZ)高性能轻薄本电脑,5199.90,20万+,惠普京东自营官方旗舰店
AppleMacBookAir【教育优惠】13.3 8核M1芯片(7核图形处理器) 8G 256G SSD 深空灰 电脑 MGN63CH/A,7199.00,20万+,Apple产品京东自营旗舰店
华为笔记本电脑MateBook D 14 SE版 14英寸 11代酷睿 i5 8G+512G 轻薄本/高清护眼防眩光屏/手机互联 灰,3399.00,50万+,华为京东自营官方旗舰店
华硕无畏Pro15 2.8K 120Hz OLED屏新锐龙标压游戏轻薄笔记本电脑(R7-6800H 16G 512G RTX3050高色域)银,6599.00,1万+,华硕京东自营官方旗舰店
华硕无畏16高性能轻薄本,4199.00,2000+,华硕华南授权旗舰店
联想笔记本电脑小新Pro14超能本 13代酷睿i5 英特尔Evo 14英寸轻薄本(标压i5-13500H 16G 1T 2.8K 高刷屏)灰,5499.00,20万+,联想京东自营旗舰店
惠普(HP)战66 六代 2023酷睿14英寸(英特尔13代i5-1340P 16G 1T长续航 高色域低功耗)高性能轻薄本电脑,4899.00,20万+,惠普京东自营官方旗舰店
华硕Vivobook15 英特尔酷睿i3 15.6英寸高清大屏学生网课轻薄笔记本电脑(i3 8G 256G 低蓝光 护眼屏 WIN11)银,2299.00,1万+,华硕京东自营官方旗舰店
联想ThinkBook 14+ 英特尔酷睿i5 14英寸标压便携轻薄笔记本电脑i5-12500H 16G 512G 2.8K 90Hz,4999.00,10万+,ThinkPad京东自营旗舰店
荣耀笔记本电脑MagicBook X 16 Pro 2023 13代酷睿标压i5-13500H 16+1T 16吋高性能轻薄本 大电池 手机互联,4699.00,1万+,荣耀京东自营旗舰店
惠普（HP）暗影精灵9 Intel 16.1英寸游戏本 笔记本电脑(13代i5-13500HX RTX4050 16G 512GSSD 165Hz),6999.00,10万+,惠普（HP）OMEN暗影精灵京东自营旗舰店
华硕无畏15 2023 13代酷睿i5标压 15.6英寸轻薄便携大屏高性能办公笔记本电脑(i5-13500H 16G 512G 护眼屏)银,4399.00,5万+,华硕京东自营官方旗舰店
惠普(HP)战66 14英寸(英特尔酷睿i5 16G 512G 长续航 高色域低功耗屏 1年上门)高性能轻薄本电脑,3999.00,20万+,惠普京东自营官方旗舰店
Apple MacBook Air 13.3 八核M1芯片(7核图形处理器) 8G 256G SSD 深空灰 笔记本电脑 MGN63CH/A,7999.00,20万+,Apple产品京东自营旗舰店
联想ThinkBook 14+ 2023款 英特尔酷睿i5 14英寸标压便携轻薄笔记本电脑i5-13500H 32G 512G 2.8K 90Hz,5999.00,10万+,ThinkPad京东自营旗舰店
惠普(HP)战66 15.6英寸(英特尔酷睿 i5 16G 512GB 长续航 高色域低功耗屏)高性能轻薄本电脑,4099.00,20万+,惠普京东自营官方旗舰店
【10万+好评】德国迈为 轻薄游戏办公笔记本电脑,1499.00,10万+,Mirval电脑办公官方旗舰店
荣耀笔记本MagicBook X 14 2022 14英寸全面屏轻薄笔记本电脑 （i5 8GB 512GB多屏协同）冰河银,2999.00,5万+,荣耀京东自营旗舰店
惠普(HP)战66六代锐龙版15.6英寸(2023锐龙R7-7730U 16G 512G长续航 高色域低蓝光屏)高性能轻薄本电脑,4499.00,20万+,惠普京东自营官方旗舰店
荣耀笔记本电脑MagicBook 14 2023 13代酷睿高性能轻薄本 标压i5-13500H 16G 512G 2.5K高刷屏 手机互联,4999.00,500+,荣耀京东自营旗舰店
AppleMacBookAir【教育优惠】13.3 8核M1芯片(7核图形处理器) 8G 256G SSD 银色 电脑 MGN93CH/A,7199.00,20万+,Apple产品京东自营旗舰店
联想笔记本电脑小新Air15 英特尔酷睿i5 轻薄本(12核i5-1240P 16G 512G 100%sRGB高色域)银 商务办公手提电脑,4499.90,20万+,联想京东自营旗舰店
惠普战66 六代2023酷睿15.6英寸高性能轻薄本笔记本电,5199.90,20万+,惠普京东自营官方旗舰店
惠普HP 星14 Pro 14英寸轻薄笔记本电脑(12代i5-12500H标压2.8K 90Hz OLED材质高分高刷屏 硬件护眼)月光银,4599.00,2万+,惠普京东自营官方旗舰店
惠普(HP)战66 锐龙版14英寸(全新7nm锐龙R5-5625U 16G 512G 长续航 高色域低功耗屏)高性能轻薄本电脑,3699.00,20万+,惠普京东自营官方旗舰店
荣耀MagicBook 14 锐龙版 14英寸6核锐龙R5轻薄笔记本电脑 16G大内存 512G 冰河银 多屏协同 高色域,3299.00,5万+,荣耀京东自营旗舰店
华为笔记本电脑MateBook D 15 2022 12代酷睿版 15.6英寸 i5 16G 512G 护眼全面屏/轻薄本/手机互联 皓月银,4699.90,50万+,华为京东自营官方旗舰店
华为笔记本电脑MateBook D 14 2022 12代酷睿版 i7 16G 512G 锐炬显卡/轻薄本/14英寸护眼全面屏/手机互联 银,5799.00,50万+,华为京东自营官方旗舰店
联想ThinkPad X1 Carbon英特尔酷睿i5轻薄笔记本（i5-1135G7/16G/512G/指纹/WIN11/1年上门）,8999.00,1000+,联想智慧办公京东自营旗舰店
华硕灵耀14 2023旗舰版 14.5英寸13代英特尔标压Evo2.8K 120Hz OLED笔记本电脑(i9-13900H 32G 1T RTX3050)灰,9499.90,1000+,华硕京东自营官方旗舰店
联想笔记本电脑IdeaPad 15.6英寸轻薄本(锐龙8核 R7 16G 512G 全高清防眩光屏) 网课商务办公 预装正版win,3499.00,10万+,联想京东自营旗舰店
联想ThinkBook 16+ 2023款 13代酷睿i5英特尔Evo平台 16英寸标压轻薄笔记本i5-13500H 32G 512G SSD 2.5K,5999.00,5万+,ThinkPad京东自营旗舰店
得力(deli)12本A5/30张无线装订软抄本 记事本/ 工作笔记本子/ 日记本 文具办公用品 7650,16.50,50万+,得力京东自营官方旗舰店
小米笔记本电脑 红米 Redmi Book Pro15 3.2K高色域屏 商务办公 高清屏轻薄本(R7-6800H 16G 512G 带摄像头),4799.00,20万+,小米京东自营旗舰店
戴尔14pro14英寸超轻薄笔记本电脑,3429.00,1万+,戴尔维克特睿笔记本专卖店
荣耀笔记本电脑MagicBook 14 2023 13代酷睿高性能轻薄本 标压i5-13500H 16G 1TB 2.5K高刷屏 手机互联,5499.00,500+,荣耀京东自营旗舰店
ThinkPad 联想ThinkBook 16+ 13代英特尔Evo酷睿标压处理器 轻薄笔记本电脑 i7-13700H 32G 512G 集显0BCD,7299.00,2000+,ThinkBook京东自营旗舰店
广博(GuangBo)A5笔记本子办公会议本记事本学生日记本软抄本 40张10本装颜色随机 GBR0790,13.90,50万+,广博京东自营官方旗舰店
华为笔记本电脑MateBook D 14 SE版 14英寸 11代酷睿i5 16G 512G 轻薄本/护眼全面屏/手机互联 皓月银,3999.00,50万+,华为京东自营官方旗舰店
联想ThinkBook 14+ 2023款 英特尔酷睿i7 14英寸标压便携轻薄笔记本电脑i7-13700H 32G 512G 2.8K 90Hz,6999.00,10万+,ThinkPad京东自营旗舰店
戴尔14pro14英寸超轻薄笔记本电脑,3429.00,1万+,戴尔维克特睿笔记本专卖店
得力（deli） [4本装]商务笔记本本子羊巴皮面本 书写顺滑 不易渗墨记事本日记本会议记录本4本A5 BP107,34.90,20万+,得力京东自营官方旗舰店
晨光(M&G)文具a5笔记本本子 40张错题本高颜值缝线本记事本 初中学生英语日记本 学习用品 淡染4本装 FA5487,7.30,10万+,晨光京东自营官方旗舰店
得力(deli)16K/120张羊巴皮笔记本子 加厚软面皮面本记事本日记本办公用品 灰色3345,18.00,20万+,得力京东自营官方旗舰店
华硕（ASUS）天选4 锐龙版 15.6英寸高性能电竞游戏本 笔记本电脑(新R7-7735H 16G 512G RTX4060 144Hz高色域电竞屏)青,7499.00,1万+,华硕京东自营官方旗舰店
ROG幻16 2023 第13代英特尔酷睿i9 16英寸 星云屏 设计师轻薄高性能游戏本笔记本电脑(i9-13900H 16G 1T RTX4060 2.5K 240Hz P3广色域)灰,10999.00,1万+,玩家国度ROG京东自营官方旗舰店
联想笔记本电脑小新16 英特尔酷睿i5 16英寸轻薄本(13代i5 16G 512G 16:10大视野)商务办公学习电脑,4499.00,20万+,联想京东自营旗舰店
小米游戏本 红米 RedmiG Pro 16英寸 高性能笔记本电脑(酷睿i7 16G RTX3060满血 2.5K 240Hz高刷屏 DDR5高频内存),5969.00,2万+,小米京东自营旗舰店
ROG魔霸7 Plus 17.3英寸 电竞游戏本笔记本电脑(R9 7845HX 液金导热 16G 1T RTX4060 240Hz P3广色域),9999.00,1万+,玩家国度ROG京东自营官方旗舰店
惠普（HP）暗影精灵9 Intel 16.1英寸游戏本 笔记本电脑(13代i9-13900HX RTX4060 16G 1TBSSD 2.5K 240Hz),9199.00,10万+,惠普（HP）OMEN暗影精灵京东自营旗舰店
联想（Lenovo）GeekPro G5000 英特尔酷睿 15.6英寸电竞游戏笔记本电脑(13代i5-13500H 16G 1T RTX4050 2.5k 165Hz高色域)灰,6499.00,5万+,联想京东自营旗舰店
神舟（HASEE）战神Z8D6 12代英特尔酷睿i7 15.6英寸游戏本 笔记本电脑(12代i7-12650H 16G 512G RTX4060 165Hz 2.5K电竞屏),6299.00,2万+,神舟电脑京东自营旗舰店
【2023英特尔+酷睿i7独显】国行4K金属笔记本电脑超薄指纹解锁商务办公设计学生游戏系能手提电脑 英特尔12代 【4K高清款】超性能本+指纹解锁 16G+512G超速固态+豪华礼品,2188.00,2万+,系能旗舰店
惠普（HP）暗影精灵9 Intel 16.1英寸游戏本 笔记本电脑(13代i5-13500HX RTX4060 16G 512GSSD 2.5K 240Hz),7999.00,10万+,惠普（HP）OMEN暗影精灵京东自营旗舰店
神舟（HASEE）战神Z8R7 13代英特尔酷睿i7 15.6英寸游戏本 笔记本电脑(13代i7-13700H 16G 512G RTX4060 165Hz 2.5K电竞屏),6999.00,2万+,神舟电脑京东自营旗舰店
ROG魔霸新锐 2023 第13代英特尔酷睿i7 16英寸 星云屏 电竞游戏本笔记本电脑(i7-13650HX 液金导热16G 1T RTX4060 2.5K 240Hz P3广色域),10999.00,1万+,玩家国度ROG京东自营官方旗舰店
联想拯救者R9000P 16英寸游戏笔记本电脑(8核16线程R7-6800H 16G 512G RTX3060 2.5k 165Hz高色域)灰,7098.00,20万+,联想京东自营旗舰店
惠普(HP)暗影精灵8Pro 16.1英寸游戏笔记本电脑(12代酷睿i7-12700H RTX3060 6G独显 16GDDR5 512G 144Hz),6997.00,10万+,惠普（HP）OMEN暗影精灵京东自营旗舰店
惠普(HP)战66六代 锐龙版 14英寸(2023新锐龙R5-7530U 16G 1T 长续航高色域低蓝光屏)高性能轻薄本电脑,4299.00,20万+,惠普京东自营官方旗舰店
华硕（ASUS）天选3 锐龙版 15.6英寸游戏本 笔记本电脑(R7-6800H 16G 512G RTX3050 144Hz 100%sRGB高色域屏)灰,5599.00,10万+,华硕京东自营官方旗舰店
惠普（HP）暗影精灵9 Intel 16.1英寸游戏本 笔记本电脑(13代i5-13500HX RTX4050 16G 512GSSD 165Hz),6999.00,10万+,惠普（HP）OMEN暗影精灵京东自营旗舰店
机械革命（MECHREVO）蛟龙16K 16英寸游戏电竞笔记本电脑（R7-7735H 16G 512G RTX3050 165HZ 2.5K）,5199.00,2万+,机械革命京东自营官方旗舰店
联想（Lenovo）拯救者R9000P 2023 16英寸电竞游戏笔记本电脑(R7-7745HX 16G 1T RTX4060 2.5k 240Hz高色域)碳晶灰,8999.00,10万+,联想京东自营旗舰店
戴尔（DELL）游匣G15 15.6英寸游戏本 笔记本电脑(14核i7 16G 512G RTX3060 165Hz高色域电竞屏)黑,6799.00,5万+,戴尔京东自营官方旗舰店
联想ThinkBook 16+ 2023款 13代酷睿i5英特尔Evo平台 16英寸标压轻薄笔记本i5-13500H 32G 512G SSD 2.5K,5999.00,5万+,ThinkPad京东自营旗舰店
机械革命（MECHREVO）旷世16 Super 13代i9 16英寸游戏笔记本电脑(i9-13900HX 32G 5600MHz 1T RTX4080 240HZ 2.5K屏 水冷版),13999.00,10万+,机械革命京东自营官方旗舰店
联想拯救者Y9000X 2022电竞游戏笔记本电脑p 光追独显 12代酷睿i5-12500H十二核 16G 512G固态 RTX3050Ti独显 标配 16英寸 2.5K超高清｜165Hz专业电竞屏,5889.00,5万+,联想华东授权专卖店
机械革命极光Pro/蛟龙15 RTX4050/4060显卡满血电竞学生游戏本15.6英寸轻薄设计电脑 蛟龙15|R7-7735H|4060|165Hz 官方标配：16G 512G PCIE高速固,5899.00,2万+,机械革命授权专卖店
机械革命（MECHREVO）蛟龙16K 16英寸游戏电竞笔记本电脑（R7-7735H 16G 512G RTX4050 165HZ 2.5K）,5999.00,2万+,机械革命京东自营官方旗舰店
机械革命（MECHREVO）极光Z 12代英特尔酷睿i7 15.6英寸游戏本 笔记本电脑(i7-12650H 16G 512G RTX3050 165Hz),4988.00,10万+,机械革命京东自营官方旗舰店
7大京仓速发 联想酷睿i5本,1349.00,5万+,悦企二手商品专营店
华为笔记本电脑MateBook D 14 SE版 2022 14英寸 12代酷睿i5 8G 512G 轻薄本/护眼全面屏/手机互联 皓月银,3699.00,50万+,华为京东自营官方旗舰店
Apple MacBook Pro 13英寸 M2 芯片(8核中央处理器 10核图形处理器) 16G 512G 深空灰 Z16S【定制机】,12999.00,2万+,Apple产品京东自营旗舰店
联想笔记本电脑小新Pro16超能本 16英寸轻薄本(8核16线程R7-7735HS 32G 1T 2.5K 120Hz)鸽子灰 商务办公学习,6099.00,10万+,联想京东自营旗舰店
宏碁（acer）暗影骑士·擎 15.6英寸游戏本 笔记本电脑(12代i5-12500H 16G 512G RTX3050 165Hz满血高色域),4978.00,2万+,宏碁京东自营旗舰店
小米 Redmi G Pro 锐龙版 2.5K 240hz 游戏本笔记本电脑(R7-6800H 16G 512G RTX3060 100%sRGB高色域电竞屏),5919.00,2万+,小米京东自营旗舰店
ThinkPad P15v 2022款可选 15.6英寸高性能编程画图设计移动工作站联想笔记本电脑 09CD i7-12700H T600 4G 升级至：32GB内存 1TB高速固态,10399.00,1万+,ThinkPad山东授权专卖店
神舟（HASEE）战神TX8R9 13代英特尔酷睿i9 16英寸游戏本 笔记本电脑(13代i9-13900HX 16G 1TB RTX4060 165Hz 2.5K电竞屏),7999.00,2万+,神舟电脑京东自营旗舰店
联想笔记本电脑小新Pro14超能本 13代酷睿i5 英特尔Evo 14英寸轻薄本(标压i5-13500H 32G 1T 2.8K 高刷屏)灰,5999.00,20万+,联想京东自营旗舰店
华硕灵耀14 2023 13代英特尔酷睿i7 Evo 2.8K OLED屏高颜值超轻薄商务办公笔记本电脑(i7-1360P 16G 512G)银,5993.00,2000+,华硕京东自营官方旗舰店
惠普(HP)战66六代锐龙版14英寸(2023新锐龙R5-7530U 16G 512G 长续航高色域低蓝光屏)高性能轻薄本电脑,4099.00,20万+,惠普京东自营官方旗舰店
联想笔记本电脑小新Pro14 高性能游戏轻薄本(8核标压R7-6800HS 16G 512G 2.8K 120Hz )商务办公 手提电脑,4599.00,10万+,联想京东自营旗舰店
海尔（haier）笔记本电脑超轻薄本学生便携手提电脑游戏本四核超级本窄边框男女生款商务办公专用上网本 【14英寸】升级英特尔四核8G内存+IPS屏 128G固态(5G双频wifi),1649.00,5000+,海尔奈朵专卖店
华为笔记本电脑MateBook 14s 2022 英特尔Evo 12代酷睿标压i5 16G 1T/14.2英寸90Hz触控/轻薄本/手机互联 灰,6599.00,5万+,华为京东自营官方旗舰店
ThinkPad E15 2022款 第12代英特尔酷睿处理器 15.6英寸 商务轻薄笔记本电脑 12代i5 16G 512G 6ACD 高色域,5599.00,1万+,ThinkPad京东自营官方旗舰店
联想（Lenovo）拯救者Y9000P 2023 16英寸电竞游戏笔记本电脑(13代i9-13900HX 16G 1T RTX4070 2.5k 240Hz高色域)碳晶灰,12999.00,2万+,联想京东自营旗舰店
惠普(HP)战66六代 锐龙版15.6英寸(2023锐龙R7-7730U 16G 1T 长续航 高色域低蓝光屏)高性能轻薄本电脑,4699.00,20万+,惠普京东自营官方旗舰店
ROG枪神7 Plus 第13代英特尔酷睿i9 18英寸 星云屏 电竞游戏本笔记本电脑(i9-13980HX 液金导热 16G 1T RTX4070 2.5K 240Hz P3广色域),14999.00,2000+,玩家国度ROG京东自营官方旗舰店
惠普(HP)战66 六代 2023酷睿14英寸(英特尔13代i5-1340P 16G 1T长续航 高色域低功耗)高性能轻薄本电脑,4899.00,20万+,惠普京东自营官方旗舰店
联想拯救者Y9000P 英特尔酷睿i9 16英寸游戏本 笔记本电脑(i9-12900H 16G 512G RTX3060 165Hz 2.5k电竞屏)钛晶灰,8999.00,10万+,联想京东自营旗舰店
惠普(HP)战99 2022锐龙 15.6英寸高性能笔记本电脑设计师本工作站 R7-6800H 16G 512G T600 144Hz 高色域,4999.00,2万+,惠普京东自营官方旗舰店
宏碁（acer）掠夺者·擎Neo 16英寸2.5K电竞游戏本 第13代酷睿H55 工作站级笔记本电脑(14核i5-13500HX 16G 512G RTX4060),8299.00,2万+,宏碁京东自营旗舰店
机械革命极光Pro/蛟龙15 RTX4050/4060显卡满血电竞学生游戏本15.6英寸轻薄设计电脑 蛟龙15|R5-6600H|3050|165Hz 官方标配：16G 512G PCIE高速固,4599.00,2万+,机械革命授权专卖店
联想ThinkBook 16+ AMD锐龙标压笔记本电脑 16英寸标压轻薄便携本R7-6800H 16G 512G 2.5K 120Hz,4999.00,2万+,ThinkPad京东自营旗舰店
联想笔记本电脑小新14 英特尔酷睿i5 14英寸轻薄本(13代i5 16G 512G 16:10大视野) 商务办公学习电脑,4199.00,20万+,联想京东自营旗舰店
小米笔记本电脑 红米 RedmiBookPro 14英寸 2.5K高清屏 轻薄本(8核R7 16G 512G 指纹识别 DC调光 正版office),3999.00,20万+,小米京东自营旗舰店
华为笔记本电脑MateBook D 14 SE版 2022 14英寸 12代酷睿i5 8G 512G 轻薄本/护眼全面屏/手机互联 深空灰,3699.00,50万+,华为京东自营官方旗舰店
惠普HP 星15青春版 15.6英寸大屏轻薄笔记本电脑(8核锐龙R7处理器 16G 512G 高速WIFI6 7×24h在线服务 银),3499.00,2万+,惠普京东自营官方旗舰店
惠普HP 星Book Pro 英特尔酷睿i5 14英寸轻薄笔记本电脑(13代i5-13500H标压 16G 1TB 2.8K 90Hz OLED屏)银,5399.00,2000+,惠普京东自营官方旗舰店
惠普(HP)战66五代 锐龙版 15.6英寸轻薄笔记本电脑(全新7nm锐龙 R5-5625U 16G 512G 高色域低功耗屏 长续航),3899.00,20万+,惠普京东自营官方旗舰店
HUWI 国行【2023款英特尔可选酷睿】金属笔记本电脑轻薄本大学生上网课设计学习商务办公游戏手提 高配英特尔四核+12代 IPS屏窄边全面屏+抗蓝光 8G运行+256G超速硬盘,1658.00,10万+,HUWI旗舰店
小米笔记本电脑 红米 Redmi Book Pro14 2.5K-120hz高刷屏 MX550独显 高性能轻薄本(酷睿i5 16G 512G office),4499.00,2万+,小米京东自营旗舰店
小米 Xiaomi Book Air 13 2.8K OLED高清屏笔记本电脑(酷睿i5 16G 512G 翻转触控屏 正版office 办公长续航),4619.00,1万+,小米京东自营旗舰店
ROG枪神7 Plus 超竞版 第13代英特尔酷睿i9 18英寸 星云屏 游戏本笔记本电脑(i9-13980HX 液金导热 32G 1T RTX4080 2.5K 240Hz P3广色域),20999.00,1000+,玩家国度ROG京东自营官方旗舰店
惠普(HP)战66六代 锐龙版15.6英寸(2023锐龙R7-7730U 32G 1TB 长续航高色域低蓝光屏)高性能轻薄本电脑,5099.00,20万+,惠普京东自营官方旗舰店
联想笔记本电脑YOGA Pro14s 英特尔Evo平台 14.5英寸轻薄本(14核标压i9-12900H 32G 1T 3K 120Hz触控屏)银,8699.00,1万+,联想京东自营旗舰店
联想笔记本电脑 ThinkPad X13 13.3英寸锐龙5高性能轻薄便携（R5Pro-4650U/8G/512G SSD/Win11/高清屏）,3299.00,500+,联想智慧办公京东自营旗舰店
ThinkPad T14 AMD锐龙版 14英寸商务办公高性能轻薄笔记本电脑 R7Pro 4750U 16G 512G 0MCD,4499.00,2000+,ThinkPad京东官方自营旗舰店
华硕（ASUS）天选4 英特尔酷睿i7 15.6英寸高性能电竞游戏本笔记本电脑(14核i7 16G 512G RTX4060 2.5K 165Hz P3广色域)灰,8299.00,2万+,华硕京东自营官方旗舰店
华为笔记本电脑MateBook 14 2022 12代酷睿版 i5 16G 512G 轻薄本/14英寸2K触控全面屏/手机互联 皓月银,5599.00,20万+,华为京东自营官方旗舰店
联想（Lenovo）GeekPro G5000 15.6英寸电竞游戏笔记本电脑(13代i7-13700H 16G 1T RTX4060 2.5k 165Hz高色域)钛晶灰,7499.00,2万+,联想京东自营旗舰店
机械革命 无界14锐龙版 14英寸轻薄办公学生笔记本电脑 (R7-7735H 16G 512G 120Hz 2.5K),3899.00,1000+,机械革命京东自营官方旗舰店
小米笔记本电脑 红米 RedmiBookPro 14英寸 2.5K高清屏 高性能轻薄本(R5 16G 512G 商务办公 长续航 全金属),3499.00,20万+,小米京东自营旗舰店
小米红米笔记本电脑 RedmiBookPro14 2.5K高清屏 商务办公高性能轻薄本(12代标压i5 16G 512G 正版office),3999.00,2万+,小米京东自营旗舰店
华为（HUAWEI） 华为笔记本电脑MateBook D14 全面屏14英寸轻薄商务办公手提学生本 D14 SE银｜i5 8G+512G集显,3499.00,5万+,京东电竞官方旗舰店
神舟（HASEE）战神Z7D6 12代英特尔酷睿i7 15.6英寸游戏本 笔记本电脑(12代i7-12650H 16G 512G RTX4050 144Hz高刷电竞屏),5499.00,5万+,神舟电脑京东自营旗舰店
荣耀笔记本MagicBook X 14 2022 14英寸全面屏轻薄笔记本电脑 （i5 16GB 512GB多屏协同）冰河银,4299.00,5万+,荣耀京东自营旗舰店
神舟（HASEE）战神Z7-TA7NP 11代英特尔酷睿i7 15.6英寸游戏本 笔记本电脑(11代i7-11800H 16G 512G RTX3050 144Hz),3999.00,5万+,神舟电脑京东自营旗舰店
HUWI Book D15SE【英特尔酷睿i9 八核16线程】笔记本电脑15.6英寸超薄全面屏设计商务办公游戏网课高端超极本,5129.00,2000+,HUWI电脑京喜官方旗舰店
联想笔记本电脑小新Pro16 高性能轻薄本(8核标压R7-6800H 16G 512G 2.5K 120Hz 75Wh大电池)深空灰 办公手提,4999.00,10万+,联想京东自营旗舰店
宏碁(Acer)非凡S3 全新12核Evo轻薄本 14英寸2.5K高色域 办公学生笔记本电脑(12代i5-1240P 16G 512G)赛博黄,3818.00,5万+,宏碁京东自营旗舰店
华硕无畏Pro15 2.8K 120Hz OLED 12核酷睿i7标压游戏轻薄笔记本电脑(i7-12700H 16G 512G RTX3050)蓝,6739.00,2000+,华硕京东自营官方旗舰店
联想拯救者Y9000P 2023/22电竞游戏笔记本电脑 满血版RTX4060/3060独显 旗舰i9版 i9-13900HX 16G 1TB 4060标配 16英寸 2.5K超高清｜高色域专业电竞屏,10199.00,20万+,联想华东授权专卖店
国行【2023款英特尔可选酷睿】金属笔记本电脑轻薄本大学生上网课设计学习商务办公游戏手提 高配英特尔四核+12代 IPS屏窄边全面屏+抗蓝光 16G运行+51,1908.00,10万+,HUWI旗舰店
华硕（ASUS）天选3 12代英特尔酷睿i5 15.6英寸游戏本 笔记本电脑(i5-12500H 16G 512G RTX3050 144Hz高色域屏)灰,6299.00,10万+,华硕京东自营官方旗舰店
惠普HP 星14 Pro 14英寸轻薄笔记本电脑(12代i5-12500H 2.8K 90Hz高分高刷屏 100%DCI-P3电影级色彩)初恋粉,4599.00,2万+,惠普京东自营官方旗舰店
【2023款英特尔+酷睿i7】15.6英寸笔记本电脑轻薄本网课设计学习商务办公游戏大学生手提 智能驼 青春版【11代英特尔】全面屏+抗蓝光 8G内存+128G固态,1098.00,2万+,智能驼数码旗舰店
联想（Lenovo） 小新Pro14 14英寸超轻薄笔记本电脑 锐龙标压R7高性能学生设计办公游戏本 R7-6800HS 16G内存 512G固态丨标配 2.8K+120Hz高刷屏,4095.00,100+,联想严选授权专卖店
华为笔记本电脑MateBook 14 2022 12代酷睿版 i5 16G 512G/轻薄本/14英寸2K触控全面屏/手机互联 深空灰,5599.00,20万+,华为京东自营官方旗舰店
华为笔记本电脑MateBook D 15 2022款 15.6英寸 11代酷睿 i5 16G+512G 锐炬显卡 轻薄本/护眼全面屏 银,4199.90,50万+,华为京东自营官方旗舰店
HUWI Book D15SE【英特尔酷睿i9 八核16线程】笔记本电脑15.6英寸超薄全面屏设计商务办公游戏网课高端超极本,5129.00,2000+,HUWI电脑京喜官方旗舰店
惠普HP 星14 Pro 14英寸高性能轻薄笔记本电脑(12代i5-12500H标压 16G 512G 2.2K高分屏 硬件 护眼)陨石灰,4299.00,2万+,惠普京东自营官方旗舰店
Apple【A+会员专享】 MacBook Pro 13英寸 M2 芯片(8核+10核) 8G 256G 深空灰 MNEH3CH/A,8699.00,2万+,Apple产品京东自营旗舰店
惠普(HP)暗影精灵8Pro 16.1英寸游戏本电脑(12代酷睿i5-12500H RTX3050 4G独显 16G 512GSSD),5799.00,10万+,惠普（HP）OMEN暗影精灵京东自营旗舰店
联想ThinkBook 16+ 2023款 AMD锐龙标压笔记本电脑 16英寸标压轻薄本R7-7735H 32G 512G SSD 2.5K 120Hz,6199.00,2万+,ThinkPad京东自营旗舰店
联想（Lenovo） IdeaPad 15 锐龙版 15.6英寸办公轻薄笔记本电脑 R7-5700U 8G 512G 全高清防眩光屏,3045.00,1万+,联想京东自营官方旗舰店
华硕（ASUS）天选3 12代英特尔酷睿i5 15.6英寸游戏本 笔记本电脑(i5-12500H 16G 512G RTX3050 144Hz高色域屏)灰,6299.00,10万+,华硕京东自营官方旗舰店
爱心东东APPLE苹果 MacBook Pro14英寸笔记本M1 Pro芯片8核处理器电脑2021新款 【官方标配】深空灰 14寸 M1Pro【8核+14核】16G+512G,12698.00,2000+,APPLE玺欣专卖店
惠普(HP)战66六代锐龙版14英寸(2023新锐龙R7-7730U 16G 512G 长续航高色域低蓝光屏)高性能轻薄本电脑,4399.00,20万+,惠普京东自营官方旗舰店
联想ThinkBook 14+ AMD锐龙标压笔记本电脑 全新2022款 14英寸标压轻薄本R7-6800H 16G 512G 2.8K 90Hz Win11,4999.00,2万+,ThinkPad京东自营旗舰店
惠普(HP)战66 六代2023酷睿14英寸(英特尔13代i5-1340P 32G 1T长续航高色域低功耗屏)高性能轻薄本电脑,5299.00,20万+,惠普京东自营官方旗舰店
惠普(HP)战66六代2023酷睿15.6英寸(英特尔13代i7-1355U 32G 1T RTX2050 2.5K屏120HZ高性能轻薄本电脑,7199.90,20万+,惠普京东自营官方旗舰店
HIPAA 笔记本电脑国行【2023新款2.5K陶瓷全面屏】超轻薄手提电脑商务办公学生上网课指纹解锁 【2023款12代英特尔】升级12G大内存 12G内存+128G固态,1499.00,2万+,海鲅旗舰店
联想笔记本电脑小新Air14 英特尔酷睿i5 轻薄本(12核i5-1240P 16G 512G 100%sRGB高色域)银 商务办公手提电脑,4399.00,20万+,联想京东自营旗舰店
惠普(HP)战66六代 2023酷睿14英寸(英特尔13代i5-1340P 16G 512G长续航高色域低功耗)高性能轻薄本电脑,4699.00,20万+,惠普京东自营官方旗舰店
联想ThinkBook 16+ 2023款 英特尔酷睿i5 16英寸标压轻薄便携笔记本电脑i5-13500H 16G 512G SSD 2.5K,5499.00,5万+,ThinkPad京东自营旗舰店
华为笔记本电脑MateBook D 14 2022款 14英寸 11代酷睿 i5 16G+512G 轻薄本/护眼全面屏/手机互联 灰,4099.00,50万+,华为京东自营官方旗舰店
机械革命（MECHREVO）旷世16 13代英特尔酷睿i7 16英寸游戏本笔记本电脑(i7-13700H 16G 512G RTX4060 240HZ 2.5K屏 ),7999.00,10万+,机械革命京东自营官方旗舰店
联想笔记本电脑ThinkPad P15v(09CD)英特尔酷睿i7 15.6英寸高性能工作站12代i7-12700H 16G 512G T600 高色域,8999.00,2万+,ThinkPad京东自营旗舰店
联想笔记本电脑小新Pro14 英特尔Evo平台 高性能游戏轻薄本(14核标压i9-12900H 16G 512G 2.8K 120Hz)银办公,5899.00,20万+,联想京东自营旗舰店
联想笔记本电脑小新Pro16超能本 16英寸轻薄本(8核16线程R7-7735HS 16G 1T 2.5K 120Hz)鸽子灰 商务办公学习,5599.00,10万+,联想京东自营旗舰店
联想小新Pro16 2022款16英寸轻薄游戏设计办公笔记本电脑 12代酷睿标压 12核丨i5-12500H 16G 512G丨标配 2.5K高分屏丨120Hz高刷新率,4399.00,500+,联想线上零售授权专卖店
华为笔记本电脑MateBook D 14 SE版 2022 14英寸 12代酷睿i5 16G 512G 轻薄本/护眼全面屏/手机互联 皓月银,4299.00,50万+,华为京东自营官方旗舰店
ROG幻16 星空版 第13代英特尔酷睿i9 16英寸 星云原画屏 设计师轻薄高性能游戏本电脑(i9-13900H 32G 1T RTX4070 2.5K 240Hz MiniLED)星空黑,16499.00,1万+,玩家国度ROG京东自营官方旗舰店
小米红米笔记本电脑 RedmiBookPro14 2.5K高清屏 商务办公高性能轻薄本(12代标压i5 16G 512G 正版office),3999.00,2万+,小米京东自营旗舰店
ThinkPad E15 2022款 第12代英特尔酷睿处理器 15.6英寸 商务轻薄笔记本电脑 12代i7 16G 512G 00CD 高色域,6699.00,1万+,ThinkPad京东自营官方旗舰店
惠普(HP)战66六代锐龙版15.6英寸(2023锐龙R5-7530U 16G 512G 长续航高色域低蓝光屏)高性能轻薄本电脑,4199.00,20万+,惠普京东自营官方旗舰店
华为笔记本电脑MateBook 16s 英特尔EVO 16英寸 12代酷睿标压i9 16G 1T 锐炬显卡/轻薄本/2.5K触控全面屏 灰,8499.90,5万+,华为京东自营官方旗舰店
联想笔记本电脑IdeaPad 15.6英寸轻薄本(锐龙6核R5 16G 512G 全高清防眩光屏) 网课商务办公 预装正版win11,2999.00,10万+,联想京东自营旗舰店
国行【2023款英特尔可选酷睿】金属笔记本电脑轻薄本大学生上网课设计学习商务办公游戏手提 酷睿i7 11代+2G独显 电竞设计梦幻本 16G运行+1024G超速硬,4458.00,10万+,HUWI旗舰店
戴尔（DELL）灵越15Pro笔记本灵越3511高性能15.6英寸轻薄学生网课游戏超极本电脑 i5-1135G7 8G 512G 官方标配,3179.00,500+,戴尔恒实专卖店
戴尔DELL笔记本电脑 成就3420 14英寸性能商务办公轻薄本(i5 16G 512G 锐炬显卡)灰 微边框全面屏 1年上门,3499.00,5000+,戴尔京东自营官方旗舰店
联想ThinkBook 14+ 英特尔酷睿i5 14英寸标压便携轻薄笔记本电脑i5-12500H 16G 512G 2.8K 90Hz,4999.00,10万+,ThinkPad京东自营旗舰店
联想ThinkBook 16+ 2023款 英特尔酷睿i7 16英寸标压轻薄便携笔记本电脑i7-13700H 32G 512G SSD 2.5K,6999.00,5万+,ThinkPad京东自营旗舰店
ROG魔霸7 Plus 超能版 17.3英寸 电竞游戏本笔记本电脑(R9 7945HX 液金导热 16G 1T RTX4080 240Hz P3广色域),16999.00,1000+,玩家国度ROG京东自营官方旗舰店
华硕破晓2 15.6英寸高性能轻薄本 手提笔记本电脑商用办公本 12代酷睿i7 16G 512G 预装Office,4989.00,2000+,华硕电脑京东自营官方旗舰店
联想ThinkPad neo 英特尔vPro Essentials 英特尔酷睿i5 笔记本电脑 12代i5-12500H 16G 512G 2.2K 晨雾灰,5999.00,5000+,ThinkPad京东自营旗舰店
惠普HP 星13Air锐龙版 13.3英寸轻薄笔记本电脑(8核锐龙R7-5825U 16G 512G 2.5K高分屏 960g轻盈机身 玫瑰金),4654.00,5000+,惠普京东自营官方旗舰店
联想笔记本电脑 超轻薄商务办公本 2023小新品锐龙R7 s15.6英寸全面大屏学生设计手提游戏本 八核R7-5700U 16G内存 512G固态 【广视角高清全面屏 精装升级,3288.00,1万+,联想商用融合东呵东专卖店
联想拯救者R9000P 电竞游戏笔记本电脑y 满血版RTX3060独显 八核16线程 新锐龙 R7-5800H 16G 512G固态 标配版 16英寸 2.5K超高清｜165Hz专业电竞屏,7599.00,20万+,联想华东授权专卖店
联想笔记本电脑 2023小新品旗舰八核锐龙R7超轻薄本 15.6英寸学生游戏办公设计本 全新升级R7-5700U 16G内存 512G固态 满血性能显卡 全高清防眩光屏 全尺,3699.00,1万+,联想商用丽邦专卖店
惠普(HP)战66 锐龙版15.6英寸(新7nm锐龙R7-5825U 16G 512G 长续航 高色域低功耗屏)高性能轻薄本电脑,4099.00,20万+,惠普京东自营官方旗舰店
惠普战66六代锐龙版15.6英寸高性能轻薄本笔记本电脑,4499.00,20万+,惠普京东自营官方旗舰店
华硕（ASUS）天选3 锐龙版 15.6英寸游戏本 笔记本电脑(R7-6800H 16G 512G RTX3050Ti 144Hz 100%sRGB高色域屏)青,6799.00,10万+,华硕京东自营官方旗舰店
华硕灵耀14 2023 13代英特尔酷睿i7 Evo 2.8K OLED屏高颜值超轻薄商务办公笔记本电脑(i7-1360P 16G 512G)蓝,6298.00,2000+,华硕京东自营官方旗舰店
戴尔（DELL）笔记本灵越15Pro 3511 15.6英寸轻薄本家用学生网课商务办公游戏电脑 11代i5-1135G7 锐炬Xe显卡 16G内存 512GPCIE固态硬盘 热款定制,3449.00,10万+,戴尔华宏创天专卖店
华硕无畏15i 2023 英特尔Evo 15.6英寸2.8K 120Hz OLED轻薄高性能笔记本电脑(13代标压i5-13500H 16G 512G)银,5499.00,500+,华硕京东自营官方旗舰店
ThinkPad 联想ThinkBook 14+ 13代英特尔Evo酷睿标压处理器 轻薄笔记本电脑 i5-13500H 16G 512G 独显0ECD,6699.00,2000+,ThinkBook京东自营旗舰店
HUWI Book D15SE【英特尔酷睿i7 十代】笔记本电脑15.6英寸超薄全面屏设计商务办公游戏网课高端超极本,4299.00,2000+,HUWI电脑京喜官方旗舰店
国行【2023款英特尔可选酷睿】金属笔记本电脑轻薄本大学生上网课设计学习商务办公游戏手提 玫瑰金-高配英特尔四核+12代 IPS屏窄边全面屏 16G运行+10,2218.00,10万+,HUWI旗舰店
华硕a豆14 14英寸高颜值学生办公轻薄本笔记本电脑 钛空银 酷睿i3 8G 512G,2889.00,2万+,华硕电脑京东自营官方旗舰店
国行【2023款英特尔可选酷睿】金属笔记本电脑轻薄本大学生上网课设计学习商务办公游戏手提 玫瑰金-高配英特尔四核+12代 IPS屏窄边全面屏 8G运行+512,1628.00,10万+,HUWI旗舰店
联想（Lenovo）小新16 2023酷睿版 16英寸轻薄笔记本电脑 i5-1340P 16G 512G FHD 卷云灰,4445.00,1000+,联想京东自营官方旗舰店
联想笔记本电脑小新14锐龙版 14英寸轻薄笔记本电脑(6核12线程R5-7530U 16G 512G 16:10 FHD)卷云灰 办公学生,3599.00,10万+,联想京东自营旗舰店
联想ThinkPad neo 14英寸高性能标压商务办公轻薄笔记本电脑 R7-6800H 16G 512G 2.2K高色域 win11 黑,4999.00,5000+,ThinkPad京东自营旗舰店
联想拯救者R7000P 15.6英寸游戏笔记本电脑(8核16线程R7-6800H 16G 512G RTX3050 2.5k 165Hz高色域)灰,6499.00,10万+,联想京东自营旗舰店
联想ThinkBook 16+ 2023款 AMD锐龙标压笔记本电脑 16英寸标压轻薄本R7-7735H 16G 512G SSD 2.5K 120Hz,5499.00,2万+,ThinkPad京东自营旗舰店
小米（MI）笔记本电脑RedmiBook Pro 14 2022锐龙版轻薄学生游戏办公红米笔记本 16G内存 512G PCIe高速固态 R7-6800H/UMA,4289.00,1000+,小米电脑数码官方旗舰店
国行【2023款英特尔可选酷睿】金属笔记本电脑轻薄本大学生上网课设计学习商务办公游戏手提 高配英特尔四核+12代 IPS屏窄边全面屏+抗蓝光 16G运行+10,2218.00,10万+,HUWI旗舰店
华硕a豆14 2023 锐龙版 高性能轻薄笔记本电脑(新锐龙R7-7730U 16G 512G 16:10大视野 护眼屏)商用办公本 银,3999.00,500+,华硕京东自营官方旗舰店
宏碁(Acer) 14英寸笔记本电脑 金属轻薄便携高性能学生网课商用办公(i7 锐炬显卡 16G 512G IPS屏幕 Wifi6),3999.00,1000+,天翼电信智能京东自营旗舰店
华硕无畏16 2023 13代酷睿i5标压 16英寸轻薄便携大屏高性能办公笔记本电脑 i5-13500H 16G 512G 护眼屏 黑,4599.00,500+,华硕电脑京东自营官方旗舰店
联想拯救者Y9000P 2023/22电竞游戏笔记本电脑 满血版RTX4060/3060独显 旗舰i9版 i9-13900HX 32G 1TB 4060升级 16英寸 2.5K超高清｜高色域专业电竞屏,10799.00,20万+,联想华东授权专卖店
线下同款机械革命新极光Pro2023款发烧级 极光Z笔记本电脑i5 i7 4060高性能轻薄商用学生设计办公游戏本 极光Z|新12代i5|满血3050|144HZ 游戏全能:16G|512GPCIE固态 官方,4184.00,2万+,机械革命旗舰店
宏碁(Acer)轻薄本墨舞EX215 15.6英寸办公学生笔记本电脑(酷睿i5 16G 512G FHD Office Win11),3499.00,5000+,宏碁商用京东自营旗舰店
惠普(HP)锐15 锐龙版 15.6英寸轻薄笔记本电脑(六核 锐龙 5 5625U 8G 512GSSD office 一年上门)银色,2999.00,1万+,惠普京东自营官方旗舰店
二手官翻未拆封联想YOGA13s 轻薄便携笔记本电脑 2.5K超高清商务办公设计笔记本 全新官翻YOGA13s R5五代/16G/512G,3329.00,5,麦克布克二手电脑专营店
联想笔记本电脑小新16锐龙版 16英寸轻薄笔记本电脑(6核12线程R5-7530U 16G 512G 16:10 FHD)卷云灰 办公学生,3799.00,10万+,联想京东自营旗舰店
华硕无畏16 AMD标压R7 16英寸大屏办公高性能网课轻薄笔记本(R7-5800H 16G 512G 莱茵护眼防眩光)银,3999.00,5万+,华硕京东自营官方旗舰店
ROG枪神7 第13代英特尔酷睿i9 16英寸 星云屏 电竞游戏本笔记本电脑(i9-13980HX 液金导热 16G 1T RTX4070 2.5K 240Hz P3广色域),13999.00,2000+,玩家国度ROG京东自营官方旗舰店
华为笔记本电脑MateBook D 15 2022款 15.6英寸 11代酷睿 i5 16G+512G 锐炬显卡 轻薄本/护眼全面屏 灰,4199.90,50万+,华为京东自营官方旗舰店
苹果（Apple）macbook air 13.6英寸 苹果笔记本电脑 2022新款 m2芯片 午夜色【2022款】 M2芯片【8核+8核】8G+256G,8299.00,500+,一象数码专营店
华硕（ASUS)二手笔记本电脑 13/14/15.6寸大屏幕网课学习 轻薄商务办公本 独立显卡游戏本 9成新店长推荐办公酷睿I5-8G-256G-独显,1169.00,500+,鸿运电脑数码二手专营店
小米 Xiaomi Book Air 13 2.8K OLED高清屏笔记本电脑(酷睿i7 16G 512G 翻转触控屏 正版office 办公长续航),5369.00,1万+,小米京东自营旗舰店
华硕无畏二合一 13.3英寸OLED触屏平板电脑轻薄办公笔记本电脑(Intel四核 8G 256G 100%DCI-P3 550nit护眼屏),2999.90,2000+,华硕京东自营官方旗舰店
机械革命蛟龙15K游戏本 RTX4050/4060满血显卡 15.6英寸2K大屏设计师办公笔记本电脑 蛟龙15|R5-6600H|3050|165Hz 官方标配：16G+512G固态|DDR5高频内存,3976.00,1万+,机械革命授权专卖店
齐心（Comix）笔记本子A5/122张皮面记事本 商务办公会议记事本日记本文具用品 黑色 C5902,11.80,20万+,齐心京东自营官方旗舰店
晨光(M&G)文具b5笔记本本子 80张竖翻线圈本记事本 学生考研错题本 横线手账日记本 学习用品 单本装XB5834,7.00,10万+,晨光京东自营官方旗舰店
HUWI 国行【2023款英特尔酷睿i7 11代+2G独显】金属笔记本电脑轻薄本大学生上网课设计学习商务办公游戏手提,4799.00,1万+,HUWI电脑京喜官方旗舰店
联想笔记本电脑小新Pro16超能本 英特尔酷睿i5 16英寸轻薄本(13代i5-13500H 16G 1T 2.5K 120Hz RTX3050 6G),7499.90,20万+,联想京东自营旗舰店
机械革命（MECHREVO）蛟龙15K/7 15.6英寸高性能高端游戏本玩家级满血4050 4060显卡发烧级独显直连电脑 R5-6600H/4050/165/100%色域 【定制升级】16G/,5799.00,2000+,机械革命博创福兴专卖店
联想小新Air15金属轻薄笔记本电脑 15.6英寸大屏办公设计游戏本 12代酷睿 十核i5-1235U 16G 512G 标配 IPS高清全面屏｜DC调光 护眼无闪烁,3799.00,10万+,联想华东授权专卖店
华硕a豆14 航天版 八核处理器 14英寸高性能办公学生轻薄笔记本电脑 R7-5700U 16G 512G 高色域,3649.00,1000+,华硕电脑京东自营官方旗舰店
荣耀笔记本电脑MagicBook 14 2022 12代酷睿高性能轻薄本 标压i5-12500H 16G 512G 20h长续航 2.1K护眼屏 灰,4499.00,2万+,荣耀京东自营旗舰店
联想ThinkBook 16p 英特尔酷睿i9 16英寸高性能轻薄创作本 i9-13900H 16G 1T RTX4060 3.2K 165Hz,9999.00,1,ThinkPad京东自营旗舰店
联想笔记本电脑小新16 英特尔酷睿i5 16英寸轻薄本(13代i5 16G 512G 16:10大视野)商务办公学习电脑,4499.00,20万+,联想京东自营旗舰店
得力(deli)25K80张商务经典皮面本办公用品 会议记事本日记本笔记本子文具 黑7901,7.90,20万+,得力京东自营官方旗舰店
神舟（HASEE）战神Z7-TA7NB 11代英特尔酷睿i7 15.6英寸游戏本 笔记本电脑(11代i7-11800H 8G 512G RTX3050),4199.00,5万+,神舟电脑京东自营旗舰店
戴尔（DELL） 灵越14pro笔记本电脑14英寸成就3420学生网课游戏设计轻薄办公商务手提电脑 i5-1135G7 高性能锐炬Xe集显 16G内存 512G固态 定制,3429.00,1万+,戴尔维克特睿笔记本专卖店
16.1英寸12代酷睿满血显卡高性能官方电竞高端游戏本笔记本电脑 i5-12500H 满血RTX3050-4G独显 【官方标配】16G内存 512G PCIE固态硬盘,4998.00,500+,惠普铭合智远专卖店
联想ThinkPad X13(0CCD)酷睿版 酷睿i5 13.3英寸高性能轻薄笔记本电脑(i5-10210U 16G 256G),4299.00,1万+,ThinkPad京东自营旗舰店
荣耀笔记本电脑MagicBook X 14 Pro 2023 13代酷睿标压i5-13500H 16+512G 2.2K护眼屏轻薄本 大电池 手机互联,4699.00,1万+,荣耀京东自营旗舰店
惠普(HP)战99 2022 15.6英寸高性能笔记本电脑设计师创作本工作站 12代i5-12500H 16G 512G RTX3050Ti 高色域,6299.00,2万+,惠普京东自营官方旗舰店
线下同款苹果（Apple） macbook pro 14英寸 2021新款m1pro芯片苹果笔记本电脑 深空灰【2021款】 14寸 M1 Pro【8核+14核】16G+512,10999.00,1万+,疆界旗舰店
华为笔记本电脑MateBook D 16 16英寸 12代酷睿标压i5 16G 512G 锐炬显卡/轻薄本/护眼全面屏/高色域 皓月银,5399.90,2万+,华为京东自营官方旗舰店
宏碁（acer）宏基掠夺者擎neo暗影骑士擎Pro2023龙战斧高性能4060游戏本非凡X电脑 i5-12500H/3050Ti/4G/165HZ 精英版 16G 512G固态 官方标配,4998.00,2万+,宏碁蓝星专卖店
联想ThinkBook 14+ 2023款 13代酷睿i5英特尔Evo平台 14英寸标压轻薄笔记本i5-13500H 16G 512G 2.8K 90Hz,5299.00,10万+,ThinkPad京东自营旗舰店
ThinkPad 联想ThinkBook 16+ 13代英特尔Evo酷睿标压处理器 轻薄笔记本电脑 i5-13500H 16G 512G 集显08CD,5699.00,2000+,ThinkBook京东自营旗舰店
【2023全新英特尔12代+酷睿i7游戏本】笔记本电脑大学生办公设计商务轻薄本上网课游戏手提电脑优和 高速四核英特尔11代+全面屏IPS高清窄边-银色 16G,1698.00,2万+,优和旗舰店
国行【2023款英特尔可选酷睿】金属笔记本电脑轻薄本大学生上网课设计学习商务办公游戏手提 顶配版酷睿i7 10代全能本+窄边屏+背光+指纹锁 16G运行+10,3748.00,10万+,HUWI旗舰店
外星人ALIENWARE 全新x14 14英寸高性能12代i7 16G 512G RTX3050 144Hz学生 轻薄 游戏本电脑1743W,10469.00,5000+,外星人京东自营旗舰店
惠普（HP）暗影精灵9 2023 16.1英寸游戏本JDG惠普笔记本电脑(13代 i9-13900HX 16G 1TSSD标配 RTX4060-8G显卡2.5K 240HZ)黑色,9699.00,74,JDG官方旗舰店
小米笔记本电脑 红米 Redmi Book Pro15 3.2K高色域屏 商务办公 高清屏轻薄本(R7-6800H 16G 512G 带摄像头),4799.00,20万+,小米京东自营旗舰店
宏碁（acer） 非凡S3 Pro高能版笔记本电脑标压酷睿EVO高性能OLED轻薄本 酷睿i5-12500H-16G-512G灰 14英寸,4699.00,5000+,宏碁电脑京东自营旗舰店
戴尔笔记本电脑dell灵越3520 15.6英寸高性能全面屏轻薄本(12代i5 16G 512G MX550 120Hz防眩光高刷屏))银,4999.00,5万+,戴尔京东自营官方旗舰店
联想笔记本电脑小新Pro14超能本 14英寸轻薄本(8核16线程R7-7735HS 16G 1T 2.8K 120Hz)鸽子灰 商务办公学生,5399.00,10万+,联想京东自营旗舰店
惠普(HP)战66六代 锐龙版 14英寸(2023新锐龙R5-7530U 16G 1T 长续航高色域低蓝光屏)高性能轻薄本电脑,4299.00,20万+,惠普京东自营官方旗舰店
荣耀笔记本电脑MagicBook 14 2022锐龙版高性能轻薄本 标压R7-6800H 16+512G 2.1K护眼屏 手机互联 灰,4699.00,1万+,荣耀京东自营旗舰店
荣耀剑舞 【触摸屏360度翻转】13.3英寸笔记本电脑轻薄本超极本高端商务办公游戏本手提电脑 冰川银【Windows11+标准版】13寸 16GB运存 512G超速硬盘,2398.00,5000+,荣耀剑舞旗舰店
宏碁Acer 非凡S3 Pro高能标压轻薄本 14英寸2.8K OLED屏90Hz Evo认证(12代酷睿i5-12500H 16G 512G)摩天灰,4499.00,2000+,宏碁京东自营旗舰店
宏碁(Acer)12核超能金属轻薄本墨舞EX214 14英寸办公学生笔记本电脑(i5-1240P 16G 512G 全高清IPS Office),3599.00,1万+,宏碁商用京东自营旗舰店
得力(deli)6本B5/60张牛皮纸软抄本 缝线记事本/ 笔记本子/ 日记本 文具办公用品 33387,29.90,50万+,得力京东自营官方旗舰店
联想笔记本电脑ThinkPad P15v(09CD)英特尔酷睿i7 15.6英寸高性能工作站12代i7-12700H 16G 512G T600 高色域,8999.00,2万+,ThinkPad京东自营旗舰店
荣耀笔记本电脑MagicBook X 14 Pro 2023 13代酷睿标压i5-13500H 16+1T 2.2K护眼屏轻薄本 大电池 手机互联,4999.00,1万+,荣耀京东自营旗舰店
联想（Lenovo） IdeaPad 15 锐龙版 15.6英寸办公轻薄笔记本电脑 R5-5500U 8G512G 全高清防眩光屏,2999.00,1万+,联想京东自营官方旗舰店
华硕（ASUS）天选4 13代英特尔酷睿i9 15.6英寸电竞游戏本 笔记本电脑(i9-13900H 16G 1T RTX4060 2.5K 165Hz P3广色域)青,9799.00,2万+,华硕京东自营官方旗舰店
联想笔记本电脑 锐龙R5高性能轻薄本 14英寸商用办公大学生上网课买手力荐手提电脑 新锐R5 16G内存 512G固态丨定制 FHD高清屏 防泼溅键盘 节能认证,3199.00,2000+,联想电脑办公京东自营旗舰店
联想（Lenovo）拯救者Y9000P 2023 16英寸电竞游戏本笔记本电脑 2.5k 240Hz i9-13900HX 16G 1T RTX4060,10089.00,500+,联想京东自营官方旗舰店
忠简文具 a5笔记本子超厚360页皮面简约商务记事本高档办公文具教师公司可定制LOGO A5蓝色【单本款】,10.80,10万+,忠简文具官方旗舰店
华为笔记本电脑MateBook D 14 2022 12代酷睿版 i5 16G 512G 锐炬显卡/轻薄本/14英寸护眼全面屏/手机互联 灰,4599.00,50万+,华为京东自营官方旗舰店
联想（Lenovo） IdeaPad 15 锐龙版 15.6英寸办公轻薄笔记本电脑 R5-5500U 8G512G 全高清防眩光屏,2999.00,1万+,联想京东自营官方旗舰店
ThinkPad 联想ThinkBook 14+ 12代英特尔酷睿处理器 14英寸轻薄商务笔记本电脑 i5-12500H 16G Xe显卡 06CD,5329.00,1万+,ThinkBook京东自营旗舰店
惠普(HP)战66 六代 2023酷睿14英寸(英特尔13代i5-1340P 16G 1T长续航 高色域低功耗)高性能轻薄本电脑,4899.00,20万+,惠普京东自营官方旗舰店
小米 Redmi Book Pro15增强版 3.2K高清屏 高性能轻薄笔记本电脑(12代i5-12500H 16G 512G 正版office),4799.00,2万+,小米京东自营旗舰店
华硕灵耀14 2023 13代英特尔酷睿i5 Evo 2.8K OLED屏高颜值超轻薄商务办公笔记本电脑(i5-1340P 16G 512G)银,5799.00,2000+,华硕京东自营官方旗舰店
华硕笔记本电脑 a豆14 Pro 高性能轻薄本商用办公本(12代酷睿i5-12500H 16G 512G 2.5K高分屏 100%sRGB)银,4299.00,2万+,华硕京东自营官方旗舰店
华硕（ASUS）天选3 锐龙版 15.6英寸游戏本 笔记本电脑(R7-6800H 16G 512G RTX3050 144Hz 100%sRGB高色域屏)灰,5599.00,10万+,华硕京东自营官方旗舰店
雷神Zero2023 911 16英寸游戏本 笔记本电脑(13代24核i9-13900HX 16G DDR5 512G RTX4080满血 240Hz 2.5K屏),12999.00,2万+,雷神京东自营官方旗舰店
联想（Lenovo）小新14 2023锐龙版六核R5高性能轻薄笔记本电脑air 学生游戏办公 6核R5-7530U 16G+512G固态 标配版 14英寸全面屏 金属轻薄机身,3198.00,2000+,联想卓电授权专卖店
华硕无畏Pro15 2.8K OLED高性能轻薄游戏笔记本电脑(R7-5800H 16G 512G 100%DCI-P3高色域600尼特120Hz)蓝,4299.00,1万+,华硕京东自营官方旗舰店
得力(deli)A5/112张莫兰迪色系可插笔软皮面本 肤感雅致记事本日记本笔记本子文具 22290红色,22.00,10万+,得力京东自营官方旗舰店
Apple【A+会员专享】 MacBook Air 13.6 8核M2芯片(8核) 8G 256G SSD 午夜色 笔记本电脑 MLY33CH/A,8299.00,5万+,Apple产品京东自营旗舰店
荣耀剑舞12代新品国行笔记本电脑,2248.00,2万+,荣耀剑舞旗舰店
ThinkPad 联想ThinkBook 14/15锐龙版 商务办公轻薄笔记本电脑 高色域屏 14英寸R7 16G 独显 ANCD 预装office,4399.00,2万+,ThinkBook京东自营旗舰店
小米笔记本电脑 Redmi BookPro14 2.5K120hz高清屏 办公高性能轻薄本(12代酷睿i7 16G 512G win11 独显),5299.00,2万+,小米京东自营旗舰店
华硕a豆14 Pro 14英寸高色域屏高性能办公学生轻薄本笔记本电脑 微醺薄荷 2.5K 护眼屏 酷睿12核标压i5 16G 512G固态 锐炬显卡,4299.00,5000+,adol官方旗舰店
联想拯救者Y7000P 英特尔酷睿i5 15.6英寸游戏本 笔记本电脑(i5-12500H 16G 512G RTX3050 165Hz 2.5k电竞屏),7199.00,10万+,联想京东自营旗舰店
戴尔（DELL）灵越16Pro 5620 16英寸高性能笔记本电脑12代酷睿学生家用办公设计手提电脑 12核i5-1240P 锐炬Xe显卡 16G内存 512G固态 标配,4199.00,5000+,戴尔维克特睿笔记本专卖店
联想ThinkPad E14 2022款 酷睿版 英特尔酷睿i7 14英寸轻薄笔记本电脑(i7-1260P 16G 512G 100%sRGB)银 win11,5799.00,10万+,ThinkPad京东自营旗舰店
ROG枪神7 超竞版 第13代英特尔酷睿i9 16英寸 星云屏 电竞游戏本笔记本电脑(i9-13980HX 液金导热 16G 1T RTX4080 2.5K 240Hz P3广色域),18999.00,1000+,玩家国度ROG京东自营官方旗舰店
华为笔记本电脑MateBook 14 2022 12代酷睿版 i7 16G 512G 轻薄本/14英寸2K触控全面屏/手机互联 皓月银,6499.00,20万+,华为京东自营官方旗舰店
联想笔记本电脑YOGA Pro14s 英特尔Evo平台 14.5英寸(12核标压i5-12500H 16G 512G 3K 120Hz触控)银 商务办公,5999.00,1万+,联想京东自营旗舰店
联想笔记本电脑V15 2023旗舰八核锐龙R7高性能小新超轻薄本 15.6英寸学生手提办公游戏设计本 八核R7-5700U 16G内存 512G高速固态 满血性能显卡 IPS全高清,3788.00,2000+,联想福本专卖店
联想IdeaPad15 15.6英寸六核/八核网课娱乐商务办公轻薄笔记本电脑 八核R7-5700U 16G 512G固态丨升级 全高清防眩光屏 含Office办公软件,3088.00,500+,联想严选授权专卖店
荣耀笔记本电脑MagicBook 14 英特尔酷睿高性能游戏轻薄本标压 i5-12500H 16G 512G RTX2050独显 长续航 灰,4999.00,2万+,荣耀京东自营旗舰店
华为笔记本电脑MateBook D 14 SE版 14英寸 11代酷睿 i5 8G+512G 轻薄本/高清护眼防眩光屏/手机互联 银,3399.00,50万+,华为京东自营官方旗舰店
华为笔记本电脑MateBook D 14 2022款 14英寸 11代酷睿 i5 16G+512G 轻薄本/护眼全面屏/手机互联 银,4099.00,50万+,华为京东自营官方旗舰店
机械革命（MECHREVO）极光Pro 15.6英寸游戏本 笔记本电脑(i7-12650H 16G 512G RTX4060 165HZ 2.5K屏),6488.00,10万+,机械革命京东自营官方旗舰店
联想笔记本电脑小新Pro16 英特尔Evo平台 高性能游戏轻薄本(14核标压i9-12900H 16G 512G 2.5K 120Hz)银 办公,5999.00,20万+,联想京东自营旗舰店
小米笔记本电脑 红米 RedmiBookPro 14英寸 2.5K高清屏 高性能轻薄本(R5 16G 512G 商务办公 长续航 全金属),3499.00,20万+,小米京东自营旗舰店
华为笔记本电脑MateBook D 14 2022 12代酷睿版 i5 16G 512G 锐炬显卡/轻薄本/14英寸护眼全面屏/手机互联 银,4599.00,50万+,华为京东自营官方旗舰店
联想笔记本电脑 小新Air14 英特尔酷睿i5 14英寸轻薄本(i5 16G 512G 高色域 大电池)银 商务办公手提电脑,3499.00,20万+,联想京东自营旗舰店
联想（Lenovo）拯救者Y9000P 2023 英特尔酷睿i9 16英寸游戏笔记本电脑(13代i9-13900HX 16G 1T RTX4060 2.5k 240Hz高色域),9999.00,2万+,联想京东自营旗舰店
机械革命（MECHREVO）蛟龙16K 16英寸游戏电竞笔记本电脑（R7-7735H 16G 512G RTX4060 165HZ 2.5K）,6499.00,2万+,机械革命京东自营官方旗舰店
机械革命（MECHREVO）极光Pro 15.6英寸游戏本 笔记本电脑(i7-12650H 16G 512G RTX4050 165HZ 2.5K屏),5999.00,10万+,机械革命京东自营官方旗舰店
戴尔笔记本电脑dell灵越3511 15.6英寸全面屏轻薄本(酷睿i5 16G 512G 锐炬显卡)银 微边框 独立数字小键盘,3599.00,5万+,戴尔京东自营官方旗舰店
ROG魔霸新锐 2023 第13代英特尔酷睿i7 16英寸 星云屏 电竞游戏本笔记本电脑(i7-13650HX 液金导热16G 1T RTX4060 2.5K 240Hz P3广色域),10999.00,1万+,玩家国度ROG京东自营官方旗舰店
联想笔记本电脑小新Pro14 英特尔Evo平台 高性能游戏轻薄本(12核标压i5-12500H 16G 512G 2.8K 120Hz)银办公,4799.00,20万+,联想京东自营旗舰店
荣耀笔记本电脑MagicBook X 14 2023 12代酷睿标压i5 16G 512G 100%sRGB高色域 轻薄本 大电池 手机互联,3699.00,1万+,荣耀京东自营旗舰店
联想笔记本电脑小新14 英特尔酷睿i5 14英寸轻薄本(13代i5 16G 512G 16:10大视野) 商务办公学习电脑,4199.00,20万+,联想京东自营旗舰店
联想ThinkBook 14+ 2023款 13代酷睿i5英特尔Evo平台 14英寸标压轻薄笔记本i5-13500H 16G 512G 2.8K 90Hz,5299.00,10万+,ThinkPad京东自营旗舰店
联想笔记本电脑IdeaPad 15.6英寸轻薄本(锐龙8核 R7 8G 512G 全高清防眩光屏) 网课商务办公 预装正版win11,2999.00,10万+,联想京东自营旗舰店
【RTX3050Ti】小米 Redmi G游戏本 2022,5678.00,2万+,小米京东自营旗舰店
联想笔记本电脑 小新Pro16 英特尔酷睿i5高性能游戏轻薄本(12核标压i5-12500H 16G 512G 2.5K 120Hz)商务办公,4999.00,20万+,联想京东自营旗舰店
惠普(HP)战66 六代2023酷睿15.6英寸(英特尔13代i5-1340P 16G 1T 2.5K高色域屏120HZ)高性能轻薄本电脑,5199.90,20万+,惠普京东自营官方旗舰店
AppleMacBookAir【教育优惠】13.3 8核M1芯片(7核图形处理器) 8G 256G SSD 深空灰 电脑 MGN63CH/A,7199.00,20万+,Apple产品京东自营旗舰店
华为笔记本电脑MateBook D 14 SE版 14英寸 11代酷睿 i5 8G+512G 轻薄本/高清护眼防眩光屏/手机互联 灰,3399.00,50万+,华为京东自营官方旗舰店
华硕无畏Pro15 2.8K 120Hz OLED屏新锐龙标压游戏轻薄笔记本电脑(R7-6800H 16G 512G RTX3050高色域)银,6599.00,1万+,华硕京东自营官方旗舰店
戴尔14pro14英寸超轻薄笔记本电脑,3429.00,1万+,戴尔维克特睿笔记本专卖店
联想笔记本电脑小新Pro14超能本 13代酷睿i5 英特尔Evo 14英寸轻薄本(标压i5-13500H 16G 1T 2.8K 高刷屏)灰,5499.00,20万+,联想京东自营旗舰店
惠普(HP)战66 六代 2023酷睿14英寸(英特尔13代i5-1340P 16G 1T长续航 高色域低功耗)高性能轻薄本电脑,4899.00,20万+,惠普京东自营官方旗舰店
华硕Vivobook15 英特尔酷睿i3 15.6英寸高清大屏学生网课轻薄笔记本电脑(i3 8G 256G 低蓝光 护眼屏 WIN11)银,2299.00,1万+,华硕京东自营官方旗舰店
联想ThinkBook 14+ 英特尔酷睿i5 14英寸标压便携轻薄笔记本电脑i5-12500H 16G 512G 2.8K 90Hz,4999.00,10万+,ThinkPad京东自营旗舰店
荣耀笔记本电脑MagicBook X 16 Pro 2023 13代酷睿标压i5-13500H 16+1T 16吋高性能轻薄本 大电池 手机互联,4699.00,1万+,荣耀京东自营旗舰店
【10万+好评】德国迈为 轻薄游戏办公笔记本电脑,1499.00,10万+,Mirval电脑办公官方旗舰店
华硕无畏15 2023 13代酷睿i5标压 15.6英寸轻薄便携大屏高性能办公笔记本电脑(i5-13500H 16G 512G 护眼屏)银,4399.00,5万+,华硕京东自营官方旗舰店
惠普(HP)战66 14英寸(英特尔酷睿i5 16G 512G 长续航 高色域低功耗屏 1年上门)高性能轻薄本电脑,3999.00,20万+,惠普京东自营官方旗舰店
Apple MacBook Air 13.3 八核M1芯片(7核图形处理器) 8G 256G SSD 深空灰 笔记本电脑 MGN63CH/A,7999.00,20万+,Apple产品京东自营旗舰店
联想ThinkBook 14+ 2023款 英特尔酷睿i5 14英寸标压便携轻薄笔记本电脑i5-13500H 32G 512G 2.8K 90Hz,5999.00,10万+,ThinkPad京东自营旗舰店
惠普(HP)战66 15.6英寸(英特尔酷睿 i5 16G 512GB 长续航 高色域低功耗屏)高性能轻薄本电脑,4099.00,20万+,惠普京东自营官方旗舰店
联想ThinkBook 16+ 2023款 13代酷睿i5英特尔Evo平台 16英寸标压轻薄笔记本i5-13500H 32G 512G SSD 2.5K,5999.00,5万+,ThinkPad京东自营旗舰店
荣耀笔记本MagicBook X 14 2022 14英寸全面屏轻薄笔记本电脑 （i5 8GB 512GB多屏协同）冰河银,2999.00,5万+,荣耀京东自营旗舰店
惠普(HP)战66六代锐龙版15.6英寸(2023锐龙R7-7730U 16G 512G长续航 高色域低蓝光屏)高性能轻薄本电脑,4499.00,20万+,惠普京东自营官方旗舰店
荣耀笔记本电脑MagicBook 14 2023 13代酷睿高性能轻薄本 标压i5-13500H 16G 512G 2.5K高刷屏 手机互联,4999.00,500+,荣耀京东自营旗舰店
AppleMacBookAir【教育优惠】13.3 8核M1芯片(7核图形处理器) 8G 256G SSD 银色 电脑 MGN93CH/A,7199.00,20万+,Apple产品京东自营旗舰店
联想笔记本电脑小新Air15 英特尔酷睿i5 轻薄本(12核i5-1240P 16G 512G 100%sRGB高色域)银 商务办公手提电脑,4499.90,20万+,联想京东自营旗舰店
戴尔14pro14英寸超轻薄笔记本电脑,3429.00,1万+,戴尔维克特睿笔记本专卖店
惠普HP 星14 Pro 14英寸轻薄笔记本电脑(12代i5-12500H标压2.8K 90Hz OLED材质高分高刷屏 硬件护眼)月光银,4599.00,2万+,惠普京东自营官方旗舰店
惠普(HP)战66 锐龙版14英寸(全新7nm锐龙R5-5625U 16G 512G 长续航 高色域低功耗屏)高性能轻薄本电脑,3699.00,20万+,惠普京东自营官方旗舰店
荣耀MagicBook 14 锐龙版 14英寸6核锐龙R5轻薄笔记本电脑 16G大内存 512G 冰河银 多屏协同 高色域,3299.00,5万+,荣耀京东自营旗舰店
华为笔记本电脑MateBook D 15 2022 12代酷睿版 15.6英寸 i5 16G 512G 护眼全面屏/轻薄本/手机互联 皓月银,4699.90,50万+,华为京东自营官方旗舰店
华为笔记本电脑MateBook D 14 2022 12代酷睿版 i7 16G 512G 锐炬显卡/轻薄本/14英寸护眼全面屏/手机互联 银,5799.00,50万+,华为京东自营官方旗舰店
联想ThinkPad X1 Carbon英特尔酷睿i5轻薄笔记本（i5-1135G7/16G/512G/指纹/WIN11/1年上门）,8999.00,1000+,联想智慧办公京东自营旗舰店
华硕灵耀14 2023旗舰版 14.5英寸13代英特尔标压Evo2.8K 120Hz OLED笔记本电脑(i9-13900H 32G 1T RTX3050)灰,9499.90,1000+,华硕京东自营官方旗舰店
联想笔记本电脑IdeaPad 15.6英寸轻薄本(锐龙8核 R7 16G 512G 全高清防眩光屏) 网课商务办公 预装正版win,3499.00,10万+,联想京东自营旗舰店
得力(deli)12本A5/30张无线装订软抄本 记事本/ 工作笔记本子/ 日记本 文具办公用品 7650,16.50,50万+,得力京东自营官方旗舰店
小米笔记本电脑 红米 Redmi Book Pro15 3.2K高色域屏 商务办公 高清屏轻薄本(R7-6800H 16G 512G 带摄像头),4799.00,20万+,小米京东自营旗舰店
荣耀笔记本电脑MagicBook 14 2023 13代酷睿高性能轻薄本 标压i5-13500H 16G 1TB 2.5K高刷屏 手机互联,5499.00,500+,荣耀京东自营旗舰店
惠普（HP）暗影精灵9 Intel 16.1英寸游戏本 笔记本电脑(13代i5-13500HX RTX4050 16G 512GSSD 165Hz),6999.00,10万+,惠普（HP）OMEN暗影精灵京东自营旗舰店
ThinkPad 联想ThinkBook 16+ 13代英特尔Evo酷睿标压处理器 轻薄笔记本电脑 i7-13700H 32G 512G 集显0BCD,7299.00,2000+,ThinkBook京东自营旗舰店
广博(GuangBo)A5笔记本子办公会议本记事本学生日记本软抄本 40张10本装颜色随机 GBR0790,13.90,50万+,广博京东自营官方旗舰店
华为笔记本电脑MateBook D 14 SE版 14英寸 11代酷睿i5 16G 512G 轻薄本/护眼全面屏/手机互联 皓月银,3999.00,50万+,华为京东自营官方旗舰店
联想ThinkBook 14+ 2023款 英特尔酷睿i7 14英寸标压便携轻薄笔记本电脑i7-13700H 32G 512G 2.8K 90Hz,6999.00,10万+,ThinkPad京东自营旗舰店
联想小新16 2023超轻薄本16英寸学习办公pro设计笔记本电脑英特尔13代酷睿十二核 i5-1340P 16G 512G 标配 IPS 全面屏,4988.00,10万+,联想西南授权专卖店
惠普(HP)战66六代 锐龙版 14英寸(2023新锐龙R5-7530U 16G 1T 长续航高色域低蓝光屏)高性能轻薄本电脑,4299.00,20万+,惠普京东自营官方旗舰店
晨光(M&G)文具a5笔记本本子 40张错题本高颜值缝线本记事本 初中学生英语日记本 学习用品 淡染4本装 FA5487,7.30,10万+,晨光京东自营官方旗舰店
得力(deli)16K/120张羊巴皮笔记本子 加厚软面皮面本记事本日记本办公用品 灰色3345,18.00,20万+,得力京东自营官方旗舰店
华硕（ASUS）天选4 锐龙版 15.6英寸高性能电竞游戏本 笔记本电脑(新R7-7735H 16G 512G RTX4060 144Hz高色域电竞屏)青,7499.00,1万+,华硕京东自营官方旗舰店
ROG幻16 2023 第13代英特尔酷睿i9 16英寸 星云屏 设计师轻薄高性能游戏本笔记本电脑(i9-13900H 16G 1T RTX4060 2.5K 240Hz P3广色域)灰,10999.00,1万+,玩家国度ROG京东自营官方旗舰店
小米游戏本 红米 RedmiG Pro 16英寸 高性能笔记本电脑(酷睿i7 16G RTX3060满血 2.5K 240Hz高刷屏 DDR5高频内存),5969.00,2万+,小米京东自营旗舰店
联想ThinkBook 16+ 2023款 13代酷睿i5英特尔Evo平台 16英寸标压轻薄笔记本i5-13500H 32G 512G SSD 2.5K,5999.00,5万+,ThinkPad京东自营旗舰店
ROG魔霸7 Plus 17.3英寸 电竞游戏本笔记本电脑(R9 7845HX 液金导热 16G 1T RTX4060 240Hz P3广色域),9999.00,1万+,玩家国度ROG京东自营官方旗舰店
惠普（HP）暗影精灵9 Intel 16.1英寸游戏本 笔记本电脑(13代i9-13900HX RTX4060 16G 1TBSSD 2.5K 240Hz),9199.00,10万+,惠普（HP）OMEN暗影精灵京东自营旗舰店
联想（Lenovo）GeekPro G5000 英特尔酷睿 15.6英寸电竞游戏笔记本电脑(13代i5-13500H 16G 1T RTX4050 2.5k 165Hz高色域)灰,6499.00,5万+,联想京东自营旗舰店
神舟（HASEE）战神Z8D6 12代英特尔酷睿i7 15.6英寸游戏本 笔记本电脑(12代i7-12650H 16G 512G RTX4060 165Hz 2.5K电竞屏),6299.00,2万+,神舟电脑京东自营旗舰店
惠普（HP）暗影精灵9 Intel 16.1英寸游戏本 笔记本电脑(13代i5-13500HX RTX4060 16G 512GSSD 2.5K 240Hz),7999.00,10万+,惠普（HP）OMEN暗影精灵京东自营旗舰店
联想笔记本电脑小新16 英特尔酷睿i5 16英寸轻薄本(13代i5 16G 512G 16:10大视野)商务办公学习电脑,4499.00,20万+,联想京东自营旗舰店
神舟（HASEE）战神Z8R7 13代英特尔酷睿i7 15.6英寸游戏本 笔记本电脑(13代i7-13700H 16G 512G RTX4060 165Hz 2.5K电竞屏),6999.00,2万+,神舟电脑京东自营旗舰店
ROG魔霸新锐 2023 第13代英特尔酷睿i7 16英寸 星云屏 电竞游戏本笔记本电脑(i7-13650HX 液金导热16G 1T RTX4060 2.5K 240Hz P3广色域),10999.00,1万+,玩家国度ROG京东自营官方旗舰店
联想拯救者R9000P 16英寸游戏笔记本电脑(8核16线程R7-6800H 16G 512G RTX3060 2.5k 165Hz高色域)灰,7098.00,20万+,联想京东自营旗舰店
惠普(HP)暗影精灵8Pro 16.1英寸游戏笔记本电脑(12代酷睿i7-12700H RTX3060 6G独显 16GDDR5 512G 144Hz),6997.00,10万+,惠普（HP）OMEN暗影精灵京东自营旗舰店
华硕（ASUS）天选3 锐龙版 15.6英寸游戏本 笔记本电脑(R7-6800H 16G 512G RTX3050 144Hz 100%sRGB高色域屏)灰,5599.00,10万+,华硕京东自营官方旗舰店
ThinkPad P15v 2022款可选 15.6英寸高性能编程画图设计移动工作站联想笔记本电脑 09CD i7-12700H T600 4G 升级至：32GB内存 1TB高速固态,10399.00,1万+,ThinkPad山东授权专卖店
惠普（HP）暗影精灵9 Intel 16.1英寸游戏本 笔记本电脑(13代i5-13500HX RTX4050 16G 512GSSD 165Hz),6999.00,10万+,惠普（HP）OMEN暗影精灵京东自营旗舰店
机械革命（MECHREVO）蛟龙16K 16英寸游戏电竞笔记本电脑（R7-7735H 16G 512G RTX3050 165HZ 2.5K）,5199.00,2万+,机械革命京东自营官方旗舰店
联想（Lenovo）拯救者R9000P 2023 16英寸电竞游戏笔记本电脑(R7-7745HX 16G 1T RTX4060 2.5k 240Hz高色域)碳晶灰,8999.00,10万+,联想京东自营旗舰店
戴尔（DELL）游匣G15 15.6英寸游戏本 笔记本电脑(14核i7 16G 512G RTX3060 165Hz高色域电竞屏)黑,6799.00,5万+,戴尔京东自营官方旗舰店
机械革命（MECHREVO）旷世16 Super 13代i9 16英寸游戏笔记本电脑(i9-13900HX 32G 5600MHz 1T RTX4080 240HZ 2.5K屏 水冷版),13999.00,10万+,机械革命京东自营官方旗舰店
惠普(HP)战66 六代 2023酷睿14英寸(英特尔13代i5-1340P 16G 1T长续航 高色域低功耗)高性能轻薄本电脑,4899.00,20万+,惠普京东自营官方旗舰店
联想拯救者Y9000X 2022电竞游戏笔记本电脑p 光追独显 12代酷睿i5-12500H十二核 16G 512G固态 RTX3050Ti独显 标配 16英寸 2.5K超高清｜165Hz专业电竞屏,5889.00,5万+,联想华东授权专卖店
机械革命极光Pro/蛟龙15 RTX4050/4060显卡满血电竞学生游戏本15.6英寸轻薄设计电脑 蛟龙15|R7-7735H|4060|165Hz 官方标配：16G 512G PCIE高速固,5899.00,2万+,机械革命授权专卖店
机械革命（MECHREVO）蛟龙16K 16英寸游戏电竞笔记本电脑（R7-7735H 16G 512G RTX4050 165HZ 2.5K）,5999.00,2万+,机械革命京东自营官方旗舰店
机械革命（MECHREVO）极光Z 12代英特尔酷睿i7 15.6英寸游戏本 笔记本电脑(i7-12650H 16G 512G RTX3050 165Hz),4988.00,10万+,机械革命京东自营官方旗舰店
惠普（HP）暗影精灵9 Intel 16.1英寸游戏本 笔记本电脑(13代i7-13700HX RTX4050 16G 512GSSD 165Hz),7499.00,10万+,惠普（HP）OMEN暗影精灵京东自营旗舰店
HUWI Book D15SE【英特尔酷睿i7 11代+2G独显】笔记本电脑15.6英寸超薄全面屏设计商务办公游戏网课高端本,5579.00,2000+,HUWI电脑京喜官方旗舰店
宏碁（acer）暗影骑士·擎 15.6英寸游戏本 笔记本电脑(12代i5-12500H 16G 512G RTX3050 165Hz满血高色域),4978.00,2万+,宏碁京东自营旗舰店
小米 Redmi G Pro 锐龙版 2.5K 240hz 游戏本笔记本电脑(R7-6800H 16G 512G RTX3060 100%sRGB高色域电竞屏),5919.00,2万+,小米京东自营旗舰店
神舟（HASEE）战神TX8R9 13代英特尔酷睿i9 16英寸游戏本 笔记本电脑(13代i9-13900HX 16G 1TB RTX4060 165Hz 2.5K电竞屏),7999.00,2万+,神舟电脑京东自营旗舰店
华硕灵耀14 2023 13代英特尔酷睿i7 Evo 2.8K OLED屏高颜值超轻薄商务办公笔记本电脑(i7-1360P 16G 512G)银,5993.00,2000+,华硕京东自营官方旗舰店
Apple MacBook Pro 13英寸 M2 芯片(8核中央处理器 10核图形处理器) 16G 512G 深空灰 Z16S【定制机】,12999.00,2万+,Apple产品京东自营旗舰店
海尔（haier）笔记本电脑超轻薄本学生便携手提电脑游戏本四核超级本窄边框男女生款商务办公专用上网本 【14英寸】升级英特尔四核8G内存+IPS屏 128G固态(5G双频wifi),1649.00,5000+,海尔奈朵专卖店
惠普(HP)战66六代锐龙版14英寸(2023新锐龙R5-7530U 16G 512G 长续航高色域低蓝光屏)高性能轻薄本电脑,4099.00,20万+,惠普京东自营官方旗舰店
联想笔记本电脑小新Pro16超能本 16英寸轻薄本(8核16线程R7-7735HS 32G 1T 2.5K 120Hz)鸽子灰 商务办公学习,6099.00,10万+,联想京东自营旗舰店
华为笔记本电脑MateBook 14s 2022 英特尔Evo 12代酷睿标压i5 16G 1T/14.2英寸90Hz触控/轻薄本/手机互联 灰,6599.00,5万+,华为京东自营官方旗舰店
机械革命极光Pro/蛟龙15 RTX4050/4060显卡满血电竞学生游戏本15.6英寸轻薄设计电脑 蛟龙15|R5-6600H|3050|165Hz 官方标配：16G 512G PCIE高速固,4599.00,2万+,机械革命授权专卖店
联想笔记本电脑小新Pro14 高性能游戏轻薄本(8核标压R7-6800HS 16G 512G 2.8K 120Hz )商务办公 手提电脑,4599.00,10万+,联想京东自营旗舰店
联想笔记本电脑ThinkPad P15v(09CD)英特尔酷睿i7 15.6英寸高性能工作站12代i7-12700H 16G 512G T600 高色域,8999.00,2万+,ThinkPad京东自营旗舰店
联想笔记本电脑小新Pro14超能本 13代酷睿i5 英特尔Evo 14英寸轻薄本(标压i5-13500H 32G 1T 2.8K 高刷屏)灰,5999.00,20万+,联想京东自营旗舰店
华为笔记本电脑MateBook D 14 SE版 2022 14英寸 12代酷睿i5 8G 512G 轻薄本/护眼全面屏/手机互联 皓月银,3699.00,50万+,华为京东自营官方旗舰店
联想（Lenovo）拯救者Y9000P 2023 16英寸电竞游戏笔记本电脑(13代i9-13900HX 16G 1T RTX4070 2.5k 240Hz高色域)碳晶灰,12999.00,2万+,联想京东自营旗舰店
ThinkPad E15 2022款 第12代英特尔酷睿处理器 15.6英寸 商务轻薄笔记本电脑 12代i5 16G 512G 6ACD 高色域,5599.00,1万+,ThinkPad京东自营官方旗舰店
惠普(HP)战66六代 锐龙版15.6英寸(2023锐龙R7-7730U 16G 1T 长续航 高色域低蓝光屏)高性能轻薄本电脑,4699.00,20万+,惠普京东自营官方旗舰店
联想笔记本电脑小新14 英特尔酷睿i5 14英寸轻薄本(13代i5 16G 512G 16:10大视野) 商务办公学习电脑,4199.00,20万+,联想京东自营旗舰店
联想拯救者Y9000P 英特尔酷睿i9 16英寸游戏本 笔记本电脑(i9-12900H 16G 512G RTX3060 165Hz 2.5k电竞屏)钛晶灰,8999.00,10万+,联想京东自营旗舰店
ROG枪神7 Plus 第13代英特尔酷睿i9 18英寸 星云屏 电竞游戏本笔记本电脑(i9-13980HX 液金导热 16G 1T RTX4070 2.5K 240Hz P3广色域),14999.00,2000+,玩家国度ROG京东自营官方旗舰店
惠普(HP)战99 2022锐龙 15.6英寸高性能笔记本电脑设计师本工作站 R7-6800H 16G 512G T600 144Hz 高色域,4999.00,2万+,惠普京东自营官方旗舰店
宏碁（acer）掠夺者·擎Neo 16英寸2.5K电竞游戏本 第13代酷睿H55 工作站级笔记本电脑(14核i5-13500HX 16G 512G RTX4060),8299.00,2万+,宏碁京东自营旗舰店
联想ThinkBook 16+ AMD锐龙标压笔记本电脑 16英寸标压轻薄便携本R7-6800H 16G 512G 2.5K 120Hz,4999.00,2万+,ThinkPad京东自营旗舰店
戴尔（DELL）灵越15Pro笔记本灵越3511高性能15.6英寸轻薄学生网课游戏超极本电脑 i5-1135G7 8G 512G 官方标配,3179.00,500+,戴尔恒实专卖店
小米笔记本电脑 红米 RedmiBookPro 14英寸 2.5K高清屏 轻薄本(8核R7 16G 512G 指纹识别 DC调光 正版office),3999.00,20万+,小米京东自营旗舰店
华为笔记本电脑MateBook D 14 SE版 2022 14英寸 12代酷睿i5 8G 512G 轻薄本/护眼全面屏/手机互联 深空灰,3699.00,50万+,华为京东自营官方旗舰店
惠普HP 星15青春版 15.6英寸大屏轻薄笔记本电脑(8核锐龙R7处理器 16G 512G 高速WIFI6 7×24h在线服务 银),3499.00,2万+,惠普京东自营官方旗舰店
联想ThinkPad E14 2022款 酷睿版 英特尔酷睿i5 14英寸轻薄笔记本电脑(i5-1240P 16G 512G 100%sRGB)银 win11,4799.00,10万+,ThinkPad京东自营旗舰店
惠普(HP)战66五代 锐龙版 15.6英寸轻薄笔记本电脑(全新7nm锐龙 R5-5625U 16G 512G 高色域低功耗屏 长续航),3899.00,20万+,惠普京东自营官方旗舰店
HUWI 国行【2023款英特尔可选酷睿】金属笔记本电脑轻薄本大学生上网课设计学习商务办公游戏手提 高配英特尔四核+12代 IPS屏窄边全面屏+抗蓝光 8G运行+256G超速硬盘,1658.00,10万+,HUWI旗舰店
华硕（ASUS）天选3 12代英特尔酷睿i7 15.6英寸游戏本 笔记本电脑(i7-12700H 16G 512G RTX3050 144Hz高色域屏)灰,6299.00,10万+,华硕京东自营官方旗舰店
小米红米笔记本电脑 RedmiBookPro14 2.5K高清屏 商务办公高性能轻薄本(12代标压i5 16G 512G 正版office),3999.00,2万+,小米京东自营旗舰店
小米笔记本电脑 红米 Redmi Book Pro14 2.5K-120hz高刷屏 MX550独显 高性能轻薄本(酷睿i5 16G 512G office),4499.00,2万+,小米京东自营旗舰店
惠普(HP)战66六代 锐龙版15.6英寸(2023锐龙R7-7730U 32G 1TB 长续航高色域低蓝光屏)高性能轻薄本电脑,5099.00,20万+,惠普京东自营官方旗舰店
小米 Xiaomi Book Air 13 2.8K OLED高清屏笔记本电脑(酷睿i5 16G 512G 翻转触控屏 正版office 办公长续航),4619.00,1万+,小米京东自营旗舰店
联想笔记本电脑ThinkPad P15v(09CD)英特尔酷睿i7 15.6英寸高性能工作站12代i7-12700H 16G 512G T600 高色域,8999.00,2万+,ThinkPad京东自营旗舰店
ThinkPad T14 AMD锐龙版 14英寸商务办公高性能轻薄笔记本电脑 R7Pro 4750U 16G 512G 0MCD,4499.00,2000+,ThinkPad京东官方自营旗舰店
神舟（HASEE）战神Z7D6 12代英特尔酷睿i7 15.6英寸游戏本 笔记本电脑(12代i7-12650H 16G 512G RTX4050 144Hz高刷电竞屏),5499.00,5万+,神舟电脑京东自营旗舰店
华为笔记本电脑MateBook 14 2022 12代酷睿版 i5 16G 512G 轻薄本/14英寸2K触控全面屏/手机互联 皓月银,5599.00,20万+,华为京东自营官方旗舰店
ROG枪神7 Plus 超竞版 第13代英特尔酷睿i9 18英寸 星云屏 游戏本笔记本电脑(i9-13980HX 液金导热 32G 1T RTX4080 2.5K 240Hz P3广色域),20999.00,1000+,玩家国度ROG京东自营官方旗舰店
联想笔记本电脑YOGA Pro14s 英特尔Evo平台 14.5英寸轻薄本(14核标压i9-12900H 32G 1T 3K 120Hz触控屏)银,8699.00,1万+,联想京东自营旗舰店
小米笔记本电脑 红米 RedmiBookPro 14英寸 2.5K高清屏 高性能轻薄本(R5 16G 512G 商务办公 长续航 全金属),3499.00,20万+,小米京东自营旗舰店
联想（Lenovo）GeekPro G5000 15.6英寸电竞游戏笔记本电脑(13代i7-13700H 16G 1T RTX4060 2.5k 165Hz高色域)钛晶灰,7499.00,2万+,联想京东自营旗舰店
华为（HUAWEI） 华为笔记本电脑MateBook D14 全面屏14英寸轻薄商务办公手提学生本 D14 SE银｜i5 8G+512G集显,3499.00,5万+,京东电竞官方旗舰店
机械革命 无界14锐龙版 14英寸轻薄办公学生笔记本电脑 (R7-7735H 16G 512G 120Hz 2.5K),3899.00,1000+,机械革命京东自营官方旗舰店
荣耀笔记本MagicBook X 14 2022 14英寸全面屏轻薄笔记本电脑 （i5 16GB 512GB多屏协同）冰河银,4299.00,5万+,荣耀京东自营旗舰店
神舟（HASEE）战神Z7-TA7NP 11代英特尔酷睿i7 15.6英寸游戏本 笔记本电脑(11代i7-11800H 16G 512G RTX3050 144Hz),3999.00,5万+,神舟电脑京东自营旗舰店
联想笔记本电脑小新14 英特尔酷睿i5 14英寸轻薄本(13代i5 16G 512G 16:10大视野) 商务办公学习电脑,4199.00,20万+,联想京东自营旗舰店
联想笔记本电脑小新Pro16 高性能轻薄本(8核标压R7-6800H 16G 512G 2.5K 120Hz 75Wh大电池)深空灰 办公手提,4999.00,10万+,联想京东自营旗舰店
华硕无畏Pro15 2.8K 120Hz OLED 12核酷睿i7标压游戏轻薄笔记本电脑(i7-12700H 16G 512G RTX3050)蓝,6739.00,2000+,华硕京东自营官方旗舰店
宏碁(Acer)非凡S3 全新12核Evo轻薄本 14英寸2.5K高色域 办公学生笔记本电脑(12代i5-1240P 16G 512G)赛博黄,3818.00,5万+,宏碁京东自营旗舰店
联想拯救者Y9000P 2023/22电竞游戏笔记本电脑 满血版RTX4060/3060独显 旗舰i9版 i9-13900HX 16G 1TB 4060标配 16英寸 2.5K超高清｜高色域专业电竞屏,10199.00,20万+,联想华东授权专卖店
国行【2023款英特尔可选酷睿】金属笔记本电脑轻薄本大学生上网课设计学习商务办公游戏手提 高配英特尔四核+12代 IPS屏窄边全面屏+抗蓝光 16G运行+51,1908.00,10万+,HUWI旗舰店
小米笔记本电脑 红米 Redmi Book Pro15 3.2K高色域屏 商务办公 高清屏轻薄本(R7-6800H 16G 512G 带摄像头),4799.00,20万+,小米京东自营旗舰店
惠普HP 星14 Pro 14英寸轻薄笔记本电脑(12代i5-12500H 2.8K 90Hz高分高刷屏 100%DCI-P3电影级色彩)初恋粉,4599.00,2万+,惠普京东自营官方旗舰店
【2023款英特尔+酷睿i7】15.6英寸笔记本电脑轻薄本网课设计学习商务办公游戏大学生手提 智能驼 青春版【11代英特尔】全面屏+抗蓝光 8G内存+128G固态,1098.00,2万+,智能驼数码旗舰店
联想（Lenovo） 小新Pro14 14英寸超轻薄笔记本电脑 锐龙标压R7高性能学生设计办公游戏本 R7-6800HS 16G内存 512G固态丨标配 2.8K+120Hz高刷屏,4095.00,100+,联想严选授权专卖店
华为笔记本电脑MateBook 14 2022 12代酷睿版 i5 16G 512G/轻薄本/14英寸2K触控全面屏/手机互联 深空灰,5599.00,20万+,华为京东自营官方旗舰店
华为笔记本电脑MateBook D 15 2022款 15.6英寸 11代酷睿 i5 16G+512G 锐炬显卡 轻薄本/护眼全面屏 银,4199.90,50万+,华为京东自营官方旗舰店
HUWI Book D15SE【英特尔酷睿i7 11代+2G独显】笔记本电脑15.6英寸超薄全面屏设计商务办公游戏网课高端本,5579.00,2000+,HUWI电脑京喜官方旗舰店
惠普HP 星14 Pro 14英寸高性能轻薄笔记本电脑(12代i5-12500H标压 16G 512G 2.2K高分屏 硬件 护眼)陨石灰,4299.00,2万+,惠普京东自营官方旗舰店
Apple【A+会员专享】 MacBook Pro 13英寸 M2 芯片(8核+10核) 8G 256G 深空灰 MNEH3CH/A,8699.00,2万+,Apple产品京东自营旗舰店
惠普(HP)暗影精灵8Pro 16.1英寸游戏本电脑(12代酷睿i5-12500H RTX3050 4G独显 16G 512GSSD),5799.00,10万+,惠普（HP）OMEN暗影精灵京东自营旗舰店
联想ThinkBook 16+ 2023款 AMD锐龙标压笔记本电脑 16英寸标压轻薄本R7-7735H 32G 512G SSD 2.5K 120Hz,6199.00,2万+,ThinkPad京东自营旗舰店
联想（Lenovo） IdeaPad 15 锐龙版 15.6英寸办公轻薄笔记本电脑 R7-5700U 8G 512G 全高清防眩光屏,3045.00,1万+,联想京东自营官方旗舰店
联想笔记本电脑ThinkPad P15v(09CD)英特尔酷睿i7 15.6英寸高性能工作站12代i7-12700H 16G 512G T600 高色域,8999.00,2万+,ThinkPad京东自营旗舰店
爱心东东APPLE苹果 MacBook Pro14英寸笔记本M1 Pro芯片8核处理器电脑2021新款 【官方标配】深空灰 14寸 M1Pro【8核+14核】16G+512G,12698.00,2000+,APPLE玺欣专卖店
惠普(HP)战66六代锐龙版14英寸(2023新锐龙R7-7730U 16G 512G 长续航高色域低蓝光屏)高性能轻薄本电脑,4399.00,20万+,惠普京东自营官方旗舰店
联想ThinkBook 14+ AMD锐龙标压笔记本电脑 全新2022款 14英寸标压轻薄本R7-6800H 16G 512G 2.8K 90Hz Win11,4999.00,2万+,ThinkPad京东自营旗舰店
惠普(HP)战66 六代2023酷睿14英寸(英特尔13代i5-1340P 32G 1T长续航高色域低功耗屏)高性能轻薄本电脑,5299.00,20万+,惠普京东自营官方旗舰店
惠普(HP)战66六代2023酷睿15.6英寸(英特尔13代i7-1355U 32G 1T RTX2050 2.5K屏120HZ高性能轻薄本电脑,7199.90,20万+,惠普京东自营官方旗舰店
惠普(HP)战66六代 锐龙版15.6英寸轻薄笔记本电脑,4499.00,20万+,惠普京东自营官方旗舰店
联想笔记本电脑小新Air14 英特尔酷睿i5 轻薄本(12核i5-1240P 16G 512G 100%sRGB高色域)银 商务办公手提电脑,4399.00,20万+,联想京东自营旗舰店
惠普(HP)战66六代 2023酷睿14英寸(英特尔13代i5-1340P 16G 512G长续航高色域低功耗)高性能轻薄本电脑,4699.00,20万+,惠普京东自营官方旗舰店
联想ThinkBook 16+ 2023款 英特尔酷睿i5 16英寸标压轻薄便携笔记本电脑i5-13500H 16G 512G SSD 2.5K,5499.00,5万+,ThinkPad京东自营旗舰店
华为笔记本电脑MateBook D 14 2022款 14英寸 11代酷睿 i5 16G+512G 轻薄本/护眼全面屏/手机互联 灰,4099.00,50万+,华为京东自营官方旗舰店
机械革命（MECHREVO）旷世16 13代英特尔酷睿i7 16英寸游戏本笔记本电脑(i7-13700H 16G 512G RTX4060 240HZ 2.5K屏 ),7999.00,10万+,机械革命京东自营官方旗舰店
小米红米笔记本电脑 RedmiBookPro14 2.5K高清屏 商务办公高性能轻薄本(12代标压i5 16G 512G 正版office),3999.00,2万+,小米京东自营旗舰店
联想笔记本电脑小新Pro14 英特尔Evo平台 高性能游戏轻薄本(14核标压i9-12900H 16G 512G 2.8K 120Hz)银办公,5899.00,20万+,联想京东自营旗舰店
联想笔记本电脑小新Pro16超能本 16英寸轻薄本(8核16线程R7-7735HS 16G 1T 2.5K 120Hz)鸽子灰 商务办公学习,5599.00,10万+,联想京东自营旗舰店
联想小新Pro16 2022款16英寸轻薄游戏设计办公笔记本电脑 12代酷睿标压 12核丨i5-12500H 16G 512G丨标配 2.5K高分屏丨120Hz高刷新率,4399.00,500+,联想线上零售授权专卖店
华为笔记本电脑MateBook D 14 SE版 2022 14英寸 12代酷睿i5 16G 512G 轻薄本/护眼全面屏/手机互联 皓月银,4299.00,50万+,华为京东自营官方旗舰店
ROG幻16 星空版 第13代英特尔酷睿i9 16英寸 星云原画屏 设计师轻薄高性能游戏本电脑(i9-13900H 32G 1T RTX4070 2.5K 240Hz MiniLED)星空黑,16499.00,1万+,玩家国度ROG京东自营官方旗舰店
荣耀剑舞 【触摸屏360度翻转】13.3英寸笔记本电脑轻薄本超极本高端商务办公游戏本手提电脑 冰川银【Windows11+标准版】13寸 16GB运存 512G超速硬盘,2398.00,5000+,荣耀剑舞旗舰店
ThinkPad E15 2022款 第12代英特尔酷睿处理器 15.6英寸 商务轻薄笔记本电脑 12代i7 16G 512G 00CD 高色域,6699.00,1万+,ThinkPad京东自营官方旗舰店
惠普(HP)战66六代锐龙版15.6英寸(2023锐龙R5-7530U 16G 512G 长续航高色域低蓝光屏)高性能轻薄本电脑,4199.00,20万+,惠普京东自营官方旗舰店
华为笔记本电脑MateBook 16s 英特尔EVO 16英寸 12代酷睿标压i9 16G 1T 锐炬显卡/轻薄本/2.5K触控全面屏 灰,8499.90,5万+,华为京东自营官方旗舰店
联想笔记本电脑IdeaPad 15.6英寸轻薄本(锐龙6核R5 16G 512G 全高清防眩光屏) 网课商务办公 预装正版win11,2999.00,10万+,联想京东自营旗舰店
国行【2023款英特尔可选酷睿】金属笔记本电脑轻薄本大学生上网课设计学习商务办公游戏手提 酷睿i7 11代+2G独显 电竞设计梦幻本 16G运行+1024G超速硬,4458.00,10万+,HUWI旗舰店
小米红米笔记本电脑 RedmiBookPro14 2.5K高清屏 商务办公高性能轻薄本(12代标压i5 16G 512G 正版office),3999.00,2万+,小米京东自营旗舰店
戴尔DELL笔记本电脑 成就3420 14英寸性能商务办公轻薄本(i5 16G 512G 锐炬显卡)灰 微边框全面屏 1年上门,3499.00,5000+,戴尔京东自营官方旗舰店
联想ThinkBook 16+ 2023款 英特尔酷睿i7 16英寸标压轻薄便携笔记本电脑i7-13700H 32G 512G SSD 2.5K,6999.00,5万+,ThinkPad京东自营旗舰店
联想IdeaPad15 15.6英寸六核/八核网课娱乐商务办公轻薄笔记本电脑 六核R5-5500U 8G 512G固态丨标配 全高清防眩光屏 含Office办公软件,2499.00,500+,联想严选授权专卖店
ROG魔霸7 Plus 超能版 17.3英寸 电竞游戏本笔记本电脑(R9 7945HX 液金导热 16G 1T RTX4080 240Hz P3广色域),16999.00,1000+,玩家国度ROG京东自营官方旗舰店
华硕破晓2 15.6英寸高性能轻薄本 手提笔记本电脑商用办公本 12代酷睿i7 16G 512G 预装Office,4989.00,2000+,华硕电脑京东自营官方旗舰店
HUWI Book D15SE【英特尔酷睿i9 八核16线程】笔记本电脑15.6英寸超薄全面屏设计商务办公游戏网课高端超极本,5129.00,2000+,HUWI电脑京喜官方旗舰店
惠普HP 星13Air锐龙版 13.3英寸轻薄笔记本电脑(8核锐龙R7-5825U 16G 512G 2.5K高分屏 960g轻盈机身 玫瑰金),4654.00,5000+,惠普京东自营官方旗舰店
联想笔记本电脑 超轻薄商务办公本 2023小新品锐龙R7 s15.6英寸全面大屏学生设计手提游戏本 八核R7-5700U 16G内存 512G固态 【广视角高清全面屏 精装升级,3288.00,1万+,联想商用融合东呵东专卖店
联想拯救者R9000P 电竞游戏笔记本电脑y 满血版RTX3060独显 八核16线程 新锐龙 R7-5800H 16G 512G固态 标配版 16英寸 2.5K超高清｜165Hz专业电竞屏,7599.00,20万+,联想华东授权专卖店
联想笔记本电脑 2023小新品旗舰八核锐龙R7超轻薄本 15.6英寸学生游戏办公设计本 全新升级R7-5700U 16G内存 512G固态 满血性能显卡 全高清防眩光屏 全尺,3699.00,1万+,联想商用丽邦专卖店
惠普(HP)战66 锐龙版15.6英寸(新7nm锐龙R7-5825U 16G 512G 长续航 高色域低功耗屏)高性能轻薄本电脑,4099.00,20万+,惠普京东自营官方旗舰店
联想ThinkPad neo 14英寸高性能标压商务办公轻薄笔记本电脑 R7-6800H 16G 512G 2.2K高色域 win11 黑,4999.00,5000+,ThinkPad京东自营旗舰店
华硕（ASUS）天选3 锐龙版 15.6英寸游戏本 笔记本电脑(R7-6800H 16G 512G RTX3050Ti 144Hz 100%sRGB高色域屏)青,6799.00,10万+,华硕京东自营官方旗舰店
华硕灵耀14 2023 13代英特尔酷睿i7 Evo 2.8K OLED屏高颜值超轻薄商务办公笔记本电脑(i7-1360P 16G 512G)蓝,6298.00,2000+,华硕京东自营官方旗舰店
戴尔（DELL）笔记本灵越15Pro 3511 15.6英寸轻薄本家用学生网课商务办公游戏电脑 11代i5-1135G7 锐炬Xe显卡 16G内存 512GPCIE固态硬盘 热款定制,3449.00,10万+,戴尔华宏创天专卖店
华硕无畏15i 2023 英特尔Evo 15.6英寸2.8K 120Hz OLED轻薄高性能笔记本电脑(13代标压i5-13500H 16G 512G)银,5499.00,500+,华硕京东自营官方旗舰店
ThinkPad 联想ThinkBook 14+ 13代英特尔Evo酷睿标压处理器 轻薄笔记本电脑 i5-13500H 16G 512G 独显0ECD,6699.00,2000+,ThinkBook京东自营旗舰店
联想ThinkBook 16p 英特尔酷睿i9 16英寸高性能轻薄创作本 i9-13900H 16G 1T RTX4060 3.2K 165Hz,9999.00,1,ThinkPad京东自营旗舰店
国行【2023款英特尔可选酷睿】金属笔记本电脑轻薄本大学生上网课设计学习商务办公游戏手提 玫瑰金-高配英特尔四核+12代 IPS屏窄边全面屏 16G运行+10,2218.00,10万+,HUWI旗舰店
华硕a豆14 14英寸高颜值学生办公轻薄本笔记本电脑 钛空银 酷睿i3 8G 512G,2889.00,2万+,华硕电脑京东自营官方旗舰店
国行【2023款英特尔可选酷睿】金属笔记本电脑轻薄本大学生上网课设计学习商务办公游戏手提 玫瑰金-高配英特尔四核+12代 IPS屏窄边全面屏 8G运行+512,1628.00,10万+,HUWI旗舰店
联想（Lenovo）小新16 2023酷睿版 16英寸轻薄笔记本电脑 i5-1340P 16G 512G FHD 卷云灰,4445.00,1000+,联想京东自营官方旗舰店
联想笔记本电脑小新14锐龙版 14英寸轻薄笔记本电脑(6核12线程R5-7530U 16G 512G 16:10 FHD)卷云灰 办公学生,3599.00,10万+,联想京东自营旗舰店
HUWI Book D15SE【英特尔酷睿i7 十代】笔记本电脑15.6英寸超薄全面屏设计商务办公游戏网课高端超极本,4299.00,2000+,HUWI电脑京喜官方旗舰店
联想拯救者R7000P 15.6英寸游戏笔记本电脑(8核16线程R7-6800H 16G 512G RTX3050 2.5k 165Hz高色域)灰,6499.00,10万+,联想京东自营旗舰店
联想ThinkBook 16+ 2023款 AMD锐龙标压笔记本电脑 16英寸标压轻薄本R7-7735H 16G 512G SSD 2.5K 120Hz,5499.00,2万+,ThinkPad京东自营旗舰店
小米（MI）笔记本电脑RedmiBook Pro 14 2022锐龙版轻薄学生游戏办公红米笔记本 16G内存 512G PCIe高速固态 R7-6800H/UMA,4289.00,1000+,小米电脑数码官方旗舰店
国行【2023款英特尔可选酷睿】金属笔记本电脑轻薄本大学生上网课设计学习商务办公游戏手提 高配英特尔四核+12代 IPS屏窄边全面屏+抗蓝光 16G运行+10,2218.00,10万+,HUWI旗舰店
华硕a豆14 2023 锐龙版 高性能轻薄笔记本电脑(新锐龙R7-7730U 16G 512G 16:10大视野 护眼屏)商用办公本 银,3999.00,500+,华硕京东自营官方旗舰店
惠普(HP)战66六代 锐龙版15.6英寸(2023锐龙R7-7730U 16G 1T 长续航 高色域低蓝光屏)高性能轻薄本电脑,4699.00,20万+,惠普京东自营官方旗舰店
华硕无畏16 2023 13代酷睿i5标压 16英寸轻薄便携大屏高性能办公笔记本电脑 i5-13500H 16G 512G 护眼屏 黑,4599.00,500+,华硕电脑京东自营官方旗舰店
联想拯救者Y9000P 2023/22电竞游戏笔记本电脑 满血版RTX4060/3060独显 旗舰i9版 i9-13900HX 32G 1TB 4060升级 16英寸 2.5K超高清｜高色域专业电竞屏,10799.00,20万+,联想华东授权专卖店
线下同款机械革命新极光Pro2023款发烧级 极光Z笔记本电脑i5 i7 4060高性能轻薄商用学生设计办公游戏本 极光Z|新12代i5|满血3050|144HZ 游戏全能:16G|512GPCIE固态 官方,4184.00,2万+,机械革命旗舰店
宏碁(Acer)轻薄本墨舞EX215 15.6英寸办公学生笔记本电脑(酷睿i5 16G 512G FHD Office Win11),3499.00,5000+,宏碁商用京东自营旗舰店
惠普(HP)锐15 锐龙版 15.6英寸轻薄笔记本电脑(六核 锐龙 5 5625U 8G 512GSSD office 一年上门)银色,2999.00,1万+,惠普京东自营官方旗舰店
联想ThinkPad X13(0CCD)酷睿版 酷睿i5 13.3英寸高性能轻薄笔记本电脑(i5-10210U 16G 256G),4299.00,1万+,ThinkPad京东自营旗舰店
联想笔记本电脑小新16锐龙版 16英寸轻薄笔记本电脑(6核12线程R5-7530U 16G 512G 16:10 FHD)卷云灰 办公学生,3799.00,10万+,联想京东自营旗舰店
华硕无畏16 AMD标压R7 16英寸大屏办公高性能网课轻薄笔记本(R7-5800H 16G 512G 莱茵护眼防眩光)银,3999.00,5万+,华硕京东自营官方旗舰店
ROG枪神7 第13代英特尔酷睿i9 16英寸 星云屏 电竞游戏本笔记本电脑(i9-13980HX 液金导热 16G 1T RTX4070 2.5K 240Hz P3广色域),13999.00,2000+,玩家国度ROG京东自营官方旗舰店
华为笔记本电脑MateBook D 15 2022款 15.6英寸 11代酷睿 i5 16G+512G 锐炬显卡 轻薄本/护眼全面屏 灰,4199.90,50万+,华为京东自营官方旗舰店
苹果（Apple）macbook air 13.6英寸 苹果笔记本电脑 2022新款 m2芯片 午夜色【2022款】 M2芯片【8核+8核】8G+256G,8299.00,500+,一象数码专营店
联想笔记本电脑 ThinkPad X13 13.3英寸锐龙5高性能轻薄便携（R5Pro-4650U/8G/512G SSD/Win11/高清屏）,3299.00,500+,联想智慧办公京东自营旗舰店
小米 Xiaomi Book Air 13 2.8K OLED高清屏笔记本电脑(酷睿i7 16G 512G 翻转触控屏 正版office 办公长续航),5369.00,1万+,小米京东自营旗舰店
华硕无畏二合一 13.3英寸OLED触屏平板电脑轻薄办公笔记本电脑(Intel四核 8G 256G 100%DCI-P3 550nit护眼屏),2999.90,2000+,华硕京东自营官方旗舰店
机械革命蛟龙15K游戏本 RTX4050/4060满血显卡 15.6英寸2K大屏设计师办公笔记本电脑 蛟龙15|R5-6600H|3050|165Hz 官方标配：16G+512G固态|DDR5高频内存,3976.00,1万+,机械革命授权专卖店
齐心（Comix）笔记本子A5/122张皮面记事本 商务办公会议记事本日记本文具用品 黑色 C5902,11.80,20万+,齐心京东自营官方旗舰店
晨光(M&G)文具b5笔记本本子 80张竖翻线圈本记事本 学生考研错题本 横线手账日记本 学习用品 单本装XB5834,7.00,10万+,晨光京东自营官方旗舰店
HUWI 国行【2023款英特尔酷睿i7 11代+2G独显】金属笔记本电脑轻薄本大学生上网课设计学习商务办公游戏手提,4799.00,1万+,HUWI电脑京喜官方旗舰店
联想笔记本电脑小新Pro16超能本 英特尔酷睿i5 16英寸轻薄本(13代i5-13500H 16G 1T 2.5K 120Hz RTX3050 6G),7499.90,20万+,联想京东自营旗舰店
机械革命（MECHREVO）蛟龙15K/7 15.6英寸高性能高端游戏本玩家级满血4050 4060显卡发烧级独显直连电脑 R5-6600H/4050/165/100%色域 【定制升级】16G/,5799.00,2000+,机械革命博创福兴专卖店
联想小新Air15金属轻薄笔记本电脑 15.6英寸大屏办公设计游戏本 12代酷睿 十核i5-1235U 16G 512G 标配 IPS高清全面屏｜DC调光 护眼无闪烁,3799.00,10万+,联想华东授权专卖店
华硕a豆14 航天版 八核处理器 14英寸高性能办公学生轻薄笔记本电脑 R7-5700U 16G 512G 高色域,3649.00,1000+,华硕电脑京东自营官方旗舰店
荣耀笔记本电脑MagicBook 14 2022 12代酷睿高性能轻薄本 标压i5-12500H 16G 512G 20h长续航 2.1K护眼屏 灰,4499.00,2万+,荣耀京东自营旗舰店
HUWI 旗舰国行【英特尔+酷睿i7+i9+独显】笔记本电脑轻薄本大学生男女生网课学习办公游戏本手提 英特尔酷睿i5十一代高配版+全面屏+银灰 16G运行 512G超速固态硬盘,3488.00,5000+,HUWI旗舰店
联想笔记本电脑小新16 英特尔酷睿i5 16英寸轻薄本(13代i5 16G 512G 16:10大视野)商务办公学习电脑,4499.00,20万+,联想京东自营旗舰店
得力(deli)25K80张商务经典皮面本办公用品 会议记事本日记本笔记本子文具 黑7901,7.90,20万+,得力京东自营官方旗舰店
神舟（HASEE）战神Z7-TA7NB 11代英特尔酷睿i7 15.6英寸游戏本 笔记本电脑(11代i7-11800H 8G 512G RTX3050),4199.00,5万+,神舟电脑京东自营旗舰店
戴尔（DELL） 灵越14pro笔记本电脑14英寸成就3420学生网课游戏设计轻薄办公商务手提电脑 i5-1135G7 高性能锐炬Xe集显 16G内存 512G固态 定制,3429.00,1万+,戴尔维克特睿笔记本专卖店
16.1英寸12代酷睿满血显卡高性能官方电竞高端游戏本笔记本电脑 i5-12500H 满血RTX3050-4G独显 【官方标配】16G内存 512G PCIE固态硬盘,4998.00,500+,惠普铭合智远专卖店
联想笔记本电脑 全新高性能十核12代酷睿i5设计游戏本 15.6英寸小新品学生轻薄商用办公手提超级本 全新12代酷睿i5 16G内存 512G固态 越级Xe锐炬显卡 独立数字小键盘 精装升级 W11,4099.00,1000+,联想商用莱斯授权专卖店
荣耀笔记本电脑MagicBook X 14 Pro 2023 13代酷睿标压i5-13500H 16+512G 2.2K护眼屏轻薄本 大电池 手机互联,4699.00,1万+,荣耀京东自营旗舰店
惠普(HP)战99 2022 15.6英寸高性能笔记本电脑设计师创作本工作站 12代i5-12500H 16G 512G RTX3050Ti 高色域,6299.00,2万+,惠普京东自营官方旗舰店
线下同款苹果（Apple） macbook pro 14英寸 2021新款m1pro芯片苹果笔记本电脑 深空灰【2021款】 14寸 M1 Pro【8核+14核】16G+512,10999.00,1万+,疆界旗舰店
华为笔记本电脑MateBook D 16 16英寸 12代酷睿标压i5 16G 512G 锐炬显卡/轻薄本/护眼全面屏/高色域 皓月银,5399.90,2万+,华为京东自营官方旗舰店
宏碁（acer）宏基掠夺者擎neo暗影骑士擎Pro2023龙战斧高性能4060游戏本非凡X电脑 i5-12500H/3050Ti/4G/165HZ 精英版 16G 512G固态 官方标配,4998.00,2万+,宏碁蓝星专卖店
联想笔记本电脑昭阳E5 15.6英寸11代酷睿i5商用办公轻薄设计手提超极本 定制：i5-1155G7 16G 512G固态 满血锐炬 数字小键盘&雷电接口 典雅黑,4699.00,200+,联想电脑办公京东自营旗舰店
ThinkPad 联想ThinkBook 16+ 13代英特尔Evo酷睿标压处理器 轻薄笔记本电脑 i5-13500H 16G 512G 集显08CD,5699.00,2000+,ThinkBook京东自营旗舰店
【2023全新英特尔12代+酷睿i7游戏本】笔记本电脑大学生办公设计商务轻薄本上网课游戏手提电脑优和 高速四核英特尔11代+全面屏IPS高清窄边-银色 16G,1698.00,2万+,优和旗舰店
国行【2023款英特尔可选酷睿】金属笔记本电脑轻薄本大学生上网课设计学习商务办公游戏手提 顶配版酷睿i7 10代全能本+窄边屏+背光+指纹锁 16G运行+10,3748.00,10万+,HUWI旗舰店
外星人ALIENWARE 全新x14 14英寸高性能12代i7 16G 512G RTX3050 144Hz学生 轻薄 游戏本电脑1743W,10469.00,5000+,外星人京东自营旗舰店
惠普（HP）暗影精灵9 2023 16.1英寸游戏本JDG惠普笔记本电脑(13代 i9-13900HX 16G 1TSSD标配 RTX4060-8G显卡2.5K 240HZ)黑色,9699.00,74,JDG官方旗舰店
HUWI 旗舰国行【英特尔+酷睿i7+i9+独显】笔记本电脑轻薄本大学生男女生网课学习办公游戏本手提 英特尔酷睿i5十一代高配版+全面屏+银灰 16G运行 512G超速固态硬盘,3488.00,5000+,HUWI旗舰店
宏碁（acer） 非凡S3 Pro高能版笔记本电脑标压酷睿EVO高性能OLED轻薄本 酷睿i5-12500H-16G-512G灰 14英寸,4699.00,5000+,宏碁电脑京东自营旗舰店
戴尔笔记本电脑dell灵越3520 15.6英寸高性能全面屏轻薄本(12代i5 16G 512G MX550 120Hz防眩光高刷屏))银,4999.00,5万+,戴尔京东自营官方旗舰店
联想笔记本电脑小新Pro14超能本 14英寸轻薄本(8核16线程R7-7735HS 16G 1T 2.8K 120Hz)鸽子灰 商务办公学生,5399.00,10万+,联想京东自营旗舰店
惠普(HP)战66六代 锐龙版 14英寸(2023新锐龙R5-7530U 16G 1T 长续航高色域低蓝光屏)高性能轻薄本电脑,4299.00,20万+,惠普京东自营官方旗舰店
荣耀笔记本电脑MagicBook 14 2022锐龙版高性能轻薄本 标压R7-6800H 16+512G 2.1K护眼屏 手机互联 灰,4699.00,1万+,荣耀京东自营旗舰店
联想ThinkPad E15 锐龙版 15.6英寸轻薄笔记本电脑(锐龙7 5700U 16G双通道 512G 100%sRGB)黑 win11,4399.00,2万+,ThinkPad京东自营旗舰店
宏碁Acer 非凡S3 Pro高能标压轻薄本 14英寸2.8K OLED屏90Hz Evo认证(12代酷睿i5-12500H 16G 512G)摩天灰,4499.00,2000+,宏碁京东自营旗舰店
宏碁(Acer)12核超能金属轻薄本墨舞EX214 14英寸办公学生笔记本电脑(i5-1240P 16G 512G 全高清IPS Office),3599.00,1万+,宏碁商用京东自营旗舰店
得力(deli)6本B5/60张牛皮纸软抄本 缝线记事本/ 笔记本子/ 日记本 文具办公用品 33387,29.90,50万+,得力京东自营官方旗舰店
联想笔记本电脑ThinkPad P15v(09CD)英特尔酷睿i7 15.6英寸高性能工作站12代i7-12700H 16G 512G T600 高色域,8999.00,2万+,ThinkPad京东自营旗舰店
荣耀笔记本电脑MagicBook X 14 Pro 2023 13代酷睿标压i5-13500H 16+1T 2.2K护眼屏轻薄本 大电池 手机互联,4999.00,1万+,荣耀京东自营旗舰店
惠普(HP)战66六代 锐龙版15.6英寸(2023锐龙R7-7730U 16G 1T 长续航 高色域低蓝光屏)高性能轻薄本电脑,4699.00,20万+,惠普京东自营官方旗舰店
华硕（ASUS）天选4 13代英特尔酷睿i9 15.6英寸电竞游戏本 笔记本电脑(i9-13900H 16G 1T RTX4060 2.5K 165Hz P3广色域)青,9799.00,2万+,华硕京东自营官方旗舰店
联想笔记本电脑 锐龙R5高性能轻薄本 14英寸商用办公大学生上网课买手力荐手提电脑 新锐R5 16G内存 512G固态丨定制 FHD高清屏 防泼溅键盘 节能认证,3199.00,2000+,联想电脑办公京东自营旗舰店
联想（Lenovo） IdeaPad 15 锐龙版 15.6英寸办公轻薄笔记本电脑 R5-5500U 8G512G 全高清防眩光屏,2999.00,1万+,联想京东自营官方旗舰店
联想（Lenovo）拯救者Y9000P 2023 16英寸电竞游戏本笔记本电脑 2.5k 240Hz i9-13900HX 16G 1T RTX4060,10089.00,500+,联想京东自营官方旗舰店
忠简文具 a5笔记本子超厚360页皮面简约商务记事本高档办公文具教师公司可定制LOGO A5蓝色【单本款】,10.80,10万+,忠简文具官方旗舰店
机械革命（MECHREVO）极光Z 12代英特尔酷睿i7 15.6英寸游戏本 笔记本电脑(i7-12650H 16G 512G RTX3050 165Hz),4988.00,10万+,机械革命京东自营官方旗舰店
朗捷（longe） 商务笔记本本子加厚记事本羊巴皮面笔记本子文具搭扣日记本办公会议记录本定制logo a5棕色（单本）,19.80,2万+,朗捷京东自营旗舰店
得力(deli)8本A5/60张笔记本子线圈本 简约螺旋本错题本练习本 LA560,27.00,20万+,得力京东自营官方旗舰店
小米 Redmi Book Pro15增强版 3.2K高清屏 高性能轻薄笔记本电脑(12代i5-12500H 16G 512G 正版office),4799.00,2万+,小米京东自营旗舰店
ThinkPad 联想ThinkBook 14+ 12代英特尔酷睿处理器 14英寸轻薄商务笔记本电脑 i5-12500H 16G Xe显卡 06CD,5329.00,1万+,ThinkBook京东自营旗舰店
华硕灵耀14 2023 13代英特尔酷睿i5 Evo 2.8K OLED屏高颜值超轻薄商务办公笔记本电脑(i5-1340P 16G 512G)银,5799.00,2000+,华硕京东自营官方旗舰店
联想ThinkPad E14 2022款 酷睿版 英特尔酷睿i7 14英寸轻薄笔记本电脑(i7-1260P 16G 512G 100%sRGB)银 win11,5799.00,10万+,ThinkPad京东自营旗舰店
华硕笔记本电脑 a豆14 Pro 高性能轻薄本商用办公本(12代酷睿i5-12500H 16G 512G 2.5K高分屏 100%sRGB)银,4299.00,2万+,华硕京东自营官方旗舰店
雷神Zero2023 911 16英寸游戏本 笔记本电脑(13代24核i9-13900HX 16G DDR5 512G RTX4080满血 240Hz 2.5K屏),12999.00,2万+,雷神京东自营官方旗舰店
联想（Lenovo）小新14 2023锐龙版六核R5高性能轻薄笔记本电脑air 学生游戏办公 6核R5-7530U 16G+512G固态 标配版 14英寸全面屏 金属轻薄机身,3198.00,2000+,联想卓电授权专卖店
华硕无畏Pro15 2.8K OLED高性能轻薄游戏笔记本电脑(R7-5800H 16G 512G 100%DCI-P3高色域600尼特120Hz)蓝,4299.00,1万+,华硕京东自营官方旗舰店
得力(deli)A5/112张莫兰迪色系可插笔软皮面本 肤感雅致记事本日记本笔记本子文具 22290红色,22.00,10万+,得力京东自营官方旗舰店
华硕（ASUS)二手笔记本电脑 13/14/15.6寸大屏幕网课学习 轻薄商务办公本 独立显卡游戏本 9成新店长推荐办公酷睿I5-8G-256G-独显,1169.00,500+,鸿运电脑数码二手专营店
Apple【A+会员专享】 MacBook Air 13.6 8核M2芯片(8核) 8G 256G SSD 午夜色 笔记本电脑 MLY33CH/A,8299.00,5万+,Apple产品京东自营旗舰店
ThinkPad 联想ThinkBook 14/15锐龙版 商务办公轻薄笔记本电脑 高色域屏 14英寸R7 16G 独显 ANCD 预装office,4399.00,2万+,ThinkBook京东自营旗舰店
小米笔记本电脑 Redmi BookPro14 2.5K120hz高清屏 办公高性能轻薄本(12代酷睿i7 16G 512G win11 独显),5299.00,2万+,小米京东自营旗舰店
华硕a豆14 Pro 14英寸高色域屏高性能办公学生轻薄本笔记本电脑 微醺薄荷 2.5K 护眼屏 酷睿12核标压i5 16G 512G固态 锐炬显卡,4299.00,5000+,adol官方旗舰店
联想拯救者Y7000P 英特尔酷睿i5 15.6英寸游戏本 笔记本电脑(i5-12500H 16G 512G RTX3050 165Hz 2.5k电竞屏),7199.00,10万+,联想京东自营旗舰店
HUWI 国行【2023款英特尔可选酷睿】金属笔记本电脑轻薄本大学生上网课设计学习商务办公游戏手提 极光银-高配英特尔四核11代+IPS屏窄边全面屏 12G运行 128G超速硬盘,1448.00,73,虹舟电脑办公旗舰店
戴尔（DELL）灵越16Pro 5620 16英寸高性能笔记本电脑12代酷睿学生家用办公设计手提电脑 12核i5-1240P 锐炬Xe显卡 16G内存 512G固态 标配,4199.00,5000+,戴尔维克特睿笔记本专卖店
ROG枪神7 超竞版 第13代英特尔酷睿i9 16英寸 星云屏 电竞游戏本笔记本电脑(i9-13980HX 液金导热 16G 1T RTX4080 2.5K 240Hz P3广色域),18999.00,1000+,玩家国度ROG京东自营官方旗舰店
华为笔记本电脑MateBook 14 2022 12代酷睿版 i7 16G 512G 轻薄本/14英寸2K触控全面屏/手机互联 皓月银,6499.00,20万+,华为京东自营官方旗舰店
联想笔记本电脑YOGA Pro14s 英特尔Evo平台 14.5英寸(12核标压i5-12500H 16G 512G 3K 120Hz触控)银 商务办公,5999.00,1万+,联想京东自营旗舰店
联想笔记本电脑V15 2023旗舰八核锐龙R7高性能小新超轻薄本 15.6英寸学生手提办公游戏设计本 八核R7-5700U 16G内存 512G高速固态 满血性能显卡 IPS全高清,3788.00,2000+,联想福本专卖店
联想笔记本电脑 全新高性能十核12代酷睿i5设计游戏本 15.6英寸小新品学生轻薄商用办公手提超级本 全新12代酷睿i5 16G内存 512G固态 越级Xe锐炬显卡 独立数字小键盘 精装升级 W11,4099.00,1000+,联想商用莱斯授权专卖店
联想IdeaPad15 15.6英寸六核/八核网课娱乐商务办公轻薄笔记本电脑 八核R7-5700U 16G 512G固态丨升级 全高清防眩光屏 含Office办公软件,3088.00,500+,联想严选授权专卖店
华硕无畏Pro14/15 2.8K OLED屏高性能轻薄本办公学习学生商用游戏笔记本电脑手提本 Pro15 锐龙R7标压 120Hz高色域屏 蓝 16G内存 512G固态 标配,4199.00,1000+,华硕雅克嘉博专卖店
ThinkPad 联想ThinkBook 14/15锐龙版 商务办公轻薄笔记本电脑 高色域屏 14英寸R7 16G F0CD 预装office,4099.00,2万+,ThinkBook京东自营旗舰店
华为笔记本电脑MateBook 14s 2022 英特尔Evo 12代酷睿标压i5 16G 1T/14.2英寸90Hz触控/轻薄本/手机互联 绿,6599.00,5万+,华为京东自营官方旗舰店
惠普（HP）星BookPro14 2023高性能超轻薄本英特尔13代酷睿14英寸办公笔记本电脑 月光银 13代i5H标压 16G 1T 90HzOLED屏,5699.00,1000+,惠普中国京东自营官方旗舰店
惠普(HP)战66六代 锐龙版15.6英寸(2023锐龙R7-7730U 16G 1T 长续航 高色域低蓝光屏)高性能轻薄本电脑,4699.00,20万+,惠普京东自营官方旗舰店
戴尔（DELL） 灵越15Pro 3511酷睿i5笔记本15.6英寸轻薄办公家用游戏学生商务手提电脑 i5-1135G7 MX350独立显卡 16G内存 512GPCIe固态定制版,3849.00,2万+,戴尔维克特睿笔记本专卖店
联想（Lenovo）小新Pro16轻薄电竞游戏笔记本电脑学生设计办公本标压锐龙八核R7 R7-7735HS 32G 1TB 标配 16英寸｜2.5K｜高色域全面屏,5498.00,100+,联想五科星专卖店
晨光(M&G)文具B5/64张胶套本 记事本笔记本子 高颜值错题本 高中学生考研日记本 淡染系列4本装 APYSL58Q,24.80,10万+,晨光京东自营官方旗舰店
国行2023新品全面屏笔记本电脑轻薄本游戏本学生商务商用办公本高性能高端超薄手提电脑 高配冰川银【英特尔12代+指纹+全面屏】 20GB运存 1024G超速硬,2248.00,2万+,荣耀剑舞旗舰店
华为笔记本电脑MateBook 14 14英寸 锐龙版R5 16G 512G 2K触控全面屏/轻薄办公本/手机互联 深空灰,4099.00,1万+,华为京东自营官方旗舰店
联想笔记本电脑 全新高性能十核12代酷睿i5设计游戏本 15.6英寸小新品学生轻薄商用办公手提超级本 全新12代酷睿i5 16G内存 512G固态 越级Xe锐炬显卡 独立数字小键盘 精装升级 W11,4099.00,1000+,联想商用莱斯授权专卖店
联想（Lenovo）小新Pro16 超能本2023锐龙版 16英寸轻薄笔记本电脑 R7-7735HS 32G 1T 2.5K 鸽子灰,6165.00,1000+,联想京东自营官方旗舰店
七彩虹（Colorful）将星X15 游戏笔记本电脑12代酷睿标压学生PS设计高刷电竞本 灰色 新8核i5-12450H 16G 512G官标 满血RTX3050电竞独显 15.6英寸,3999.00,5000+,七彩虹Colorful旗舰店
戴尔笔记本电脑dell灵越3511 15.6英寸全面屏轻薄本(酷睿i5 16G 512G 独立显卡)银 微边框 独立数字小键盘,4299.00,5万+,戴尔京东自营官方旗舰店
联想笔记本电脑ThinkPad X1 Nano 英特尔Evo平台 13英寸 11代酷睿i5 16G 512G 16:10微边框2K A面编织纹理,7999.90,2万+,ThinkPad京东自营旗舰店
联想IdeaPad15 15.6英寸六核/八核网课娱乐商务办公轻薄笔记本电脑 八核R7-5700U 8G 512G固态丨标配 全高清防眩光屏 含Office办公软件,2749.00,500+,联想严选授权专卖店
联想ThinkBook 14+ 2023款 13代酷睿i5英特尔Evo平台 14英寸标压轻薄笔记本i5-13500H 16G 512G 2.8K 90Hz,5299.00,10万+,ThinkPad京东自营旗舰店
小米（MI） RedmiBook pro 14锐龙版轻薄红米笔记本 学生游戏商务办公手提电脑 【标准版】六核R5-5500U 16G 512G PCIe高速固态【DC调光低蓝光无闪烁】,3259.80,1000+,小米阳光专卖店
戴尔（DELL） 2023新灵越13pro13.3英寸笔记本电脑13代酷睿2.5K屏5330轻薄商务 i7-1360P/16G/512G/2.5K/银,6299.00,1000+,戴尔京东自营旗舰店
戴尔（DELL） 灵越15Pro 3511酷睿i5笔记本15.6英寸轻薄办公家用游戏学生商务手提电脑 i5-1135G7 MX350独立显卡 16G内存 1.0TBPCIe 固态定制版,4049.00,2万+,戴尔维克特睿笔记本专卖店
联想拯救者Y9000X 2022电竞游戏笔记本电脑p 光追独显 12代酷睿i5-12500H十二核 16G 512G固态 RTX3060独显 标配 16英寸 2.5K超高清｜165Hz专业电竞屏,6981.00,5万+,联想华东授权专卖店
小米笔记本电脑 红米 RedmiBook Pro14 锐龙版 2.5K-120hz高刷屏 商务办公本(R5-6600H标压 16G-LPDDR5 512G),3949.00,20万+,小米京东自营旗舰店
联想ThinkPad E15 锐龙版 15.6英寸轻薄笔记本电脑(锐龙7 5700U 16G双通道 512G 100%sRGB)黑 win11,4399.00,2万+,ThinkPad京东自营旗舰店
华为笔记本电脑MateBook X Pro 12代酷睿版 Evo认证/i7 16G 1T/3.1K触控屏/手机互联/14.2英寸商务轻薄本 灰,9999.90,2万+,华为京东自营官方旗舰店
金隆兴 a5笔记本子超厚商务记事本简约加厚大学生日记本办公文具用品皮面本子工作本会议记录本 定制 7280-2,12.50,5000+,金隆兴京东自营官方旗舰店
联想（Lenovo） 小新Air14Plus 标压锐龙版14英寸轻薄笔记本电脑 R7-6800HS 16G512G 2.2K护眼屏,4799.00,2万+,联想京东自营官方旗舰店
华硕a豆14 Pro 12代酷睿标压 高色域屏高性能办公学生轻薄笔记本电脑 i5-12500H 2.5K 微醺薄荷,4289.00,1万+,华硕电脑京东自营官方旗舰店
得力(deli)B5/80张无印风学生螺旋本线圈本 学生记事本日记本笔记本子文具 横线款LB580,6.00,20万+,得力京东自营官方旗舰店
华硕破晓2 15.6英寸高性能轻薄本 手提笔记本电脑商用办公本 12代酷睿i7 16G 512G 预装Office,4989.00,2000+,华硕电脑京东自营官方旗舰店
华硕（ASUS）天选4 英特尔酷睿i7 15.6英寸高性能电竞游戏本 笔记本电脑(14核i7 16G 512G RTX4060 144Hz高色域电竞屏)灰,7999.00,2万+,华硕京东自营官方旗舰店
联想拯救者Y9000P 2023/22电竞游戏设计笔记本电脑 满血RTX4060/3060旗舰酷睿i9 14核12900H 16G 512G 3060标配 16英寸高刷电竞屏｜2.5K超清,7842.00,500+,联想五科星专卖店
