张艳,主任医师,神经内科诊室,哈尔滨医科大学附属第一医院,10.0,擅长：脑血管病、周围神经病变、帕金森病和老年性痴呆。,￥60,暂无排班
亢园园,主治医师,门诊高血压,上海交通大学医学院附属瑞金医院,10.0,擅长：高血压病因筛查，高血压优化治疗，继发性高血压的诊...,￥100,未开通
陈海敏,主治医师,心内科,广东省人民医院,9.9,擅长：心内科方面的常见疾病。,￥30,未开通
杨鹏飞,副主任医师,感染病科,哈尔滨医科大学附属第二医院,10.0,擅长：肝炎，肝硬化，肝癌，新型冠状病毒肺炎出血热，腹...,￥39,￥58
颜炳柱,主任医师,感染病科,哈尔滨医科大学附属第二医院,10.0,擅长：各种肝病；艾滋病的阻断与暴露；狂犬病的阻断与暴露...,￥40,￥100
石治宇,主治医师,心血管内科诊室,哈尔滨医科大学附属第一医院,10.0,擅长：心血管内科诊室类常见疾病,￥10,未开通
翟光耀,副主任医师,心内科,首都医科大学附属北京安贞医院,,擅长：复杂冠心病的微创介入手术(修复血管而无支架植入)...,￥300,暂无排班
朱记法,副主任医师,心血管内科(河医院区),郑州大学第一附属医院,,擅长：冠心病、心律失常、先心病等介入治疗，高血压、心力...,￥30,暂无排班
罗萍艳,主治医师,内分泌科,贵州医科大学附属医院,10.0,擅长：内分泌，糖尿病，肥胖，口腔溃疡，焦虑，减肥，甲亢...,￥20,￥39
王飞,副主任医师,心血管内科,东莞市滨海湾中心医院,10.0,擅长：高血压病（头痛、头晕、眼花）、心律失常（心房颤动...,￥50,暂无排班
王燕燕,副主任医师,感染科,南昌市第三医院,10.0,擅长：感染科常见疾病，多发病的诊治，丙肝，乙肝，脂肪...,￥15,￥50
沈雳,主任医师,心内科高级专家门诊,复旦大学附属中山医院,9.9,擅长：心绞痛诊疗，冠心病介入治疗、顽固性高血压的治疗...,￥688,未开通
何汝敏,主任医师,门诊心脏,上海交通大学医学院附属瑞金医院,9.8,擅长：心血管系统各种危重疾病与疑难病例，包括冠心病，心...,￥180,￥300
黄铁群,主任医师,呼吸病门诊,中日友好医院,10.0,擅长：呼吸系统常见病、疑难病和危重病的诊断治疗如肺炎支...,￥260,￥300
李航,主任医师,肾内科,北京协和医院,10.0,擅长：慢性肾炎，IgA肾病，膜性肾病，狼疮性肾炎，糖尿...,￥400,暂无排班
崔乐,主治医师,变态反应科,北京协和医院,10.0,擅长：过敏性鼻炎、咳嗽、哮喘、荨麻疹、湿疹、皮肤过敏、...,￥100,￥150
吴媛媛,副主任医师,过敏反应科,华中科技大学同济医学院附属同济医院,9.8,擅长：产前遗传咨询及产前诊断、复发性流产、高危妊娠的临...,￥80,暂无排班
方跃华,主任医师,门诊心脏,上海交通大学医学院附属瑞金医院,10.0,擅长：心衰心肌病、心脏瓣膜病、肿瘤治疗后心脏损伤的诊治,未开通,￥800
徐迎阳,住院医师,变态反应科,北京协和医院,10.0,擅长：过敏性鼻炎，哮喘，荨麻疹，湿疹，接触性皮炎。,未开通,暂无排班
张朝香,主任医师,心内科,首都医科大学附属北京安贞医院,10.0,擅长：冠心病、心律失常、心肌炎、心肌病、心力衰竭、高血...,￥100,￥200
石亮亮,副主任医师,消化内科,南京鼓楼医院,10.0,擅长：常见消化道疾病的诊断治疗，胃食管反流病，反流性食...,￥25,未开通
陈伟光,副主任医师,消化内科,北京协和医院,9.9,擅长：胃食管反流病、反流性食管炎、胃肠功能性疾病（如肠...,未开通,未开通
陈芳,主任医师,呼吸与危重症医学科,宁夏医科大学总医院,10.0,擅长：支气管哮喘、肺癌、COPD、肺栓塞、肺部感染等诊...,￥30,暂无排班
徐昶,副主任医师,心血管内科,华中科技大学同济医学院附属同济医院,10.0,擅长：冠心病、主动脉夹层及外周动脉血管疾病的诊断和介...,￥38,未开通
李红,主任医师,心内科,首都医科大学附属北京安贞医院,10.0,擅长：高血压、冠心病、心力衰竭长期治疗，心血管急危重症...,￥150,未开通
柳叶,主治医师,神经内科,复旦大学附属华山医院,10.0,擅长：脑血管病方向（脑梗死，脑出血，腔梗，脑小血管病）,￥70,未开通
罗庆志,主治医师,心血管内科,上海交通大学医学院附属瑞金医院,10.0,擅长：室上速，早搏，房扑房颤等快速型心律失常消融治疗，...,￥50,未开通
李敏,主任医师,心内科,首都医科大学附属北京安贞医院,10.0,擅长：心内科类常见疾病，冠心病，心律失常，房颤，房早，...,￥200,￥300
王明华,副主任医师,感染门诊,复旦大学附属华山医院,10.0,擅长：常见感染科相关疾病诊治，包括各类细菌、真菌性感染...,￥69,未开通
刘强,副主任医师,肾内科,中国医科大学附属第一医院,10.0,擅长：IgA肾病，膜性肾病，糖尿病肾病，痛风性肾病，高...,￥60,￥100
温华,副主任医师,呼吸内科,中国医科大学附属第一医院,10.0,擅长：急性上呼吸道感染、慢阻肺、支气管哮喘、支气管扩张...,￥60,未开通
张祥,副主任医师,神经内科,复旦大学附属华山医院,9.9,擅长：脱髓鞘疾病(视神经脊髓炎，多发性硬化，中枢神经系...,￥200,￥500
朱绍华,主治医师,消化内科,西京医院,10.0,擅长：本人专业消化内科，食管、胃及结直肠早期肿瘤的内镜...,￥30,￥60
徐晓刚,主任医师,感染门诊,复旦大学附属华山医院,9.9,擅长：肺炎、尿路感染、脑膜炎等常见感染性疾病的诊断及治...,￥198,未开通
任治秀,副主任医师,呼吸科,四川大学华西医院,9.8,擅长：呼吸系统常见疾病以及多发病，尤其是对慢性阻塞性肺...,￥90,暂无排班
刘子龙,主治医师,呼吸内科,复旦大学附属中山医院,9.9,擅长：呼吸系统疾病的诊治，特别是慢性气道疾病、呼吸危重...,￥200,暂无排班
杨虹波,副主任医师,心内科,复旦大学附属中山医院,10.0,擅长：冠心病介入治疗，心血管影像学及功能生理学评估,￥199,未开通
钱云,主任医师,老年医学科门诊,江苏省人民医院,10.0,擅长：神经内科、老年科常见病多发病诊治,￥100,￥300
陈浩,主治医师,过敏反应科,华中科技大学同济医学院附属同济医院,10.0,擅长：过敏性鼻炎、哮喘、过敏性结膜炎、荨麻疹/血管性水...,￥30,暂无排班
谢万灼,主任医师,血液病科,浙江大学医学院附属第一医院,10.0,擅长：血液病科常见疾病,￥50,暂无排班
胡秀芬,主任医师,儿童心血管风湿免疫科,华中科技大学同济医学院附属同济医院,9.8,擅长：儿科心血管疾病、风湿免疫性疾病、发热性疾病、呼吸...,￥80,￥100
朱彤莹,主任医师,肾内科,复旦大学附属华山医院,8.7,擅长：腹膜透析及其并发症的诊治；各种原发及继发性肾小球...,￥120,￥200
冯高科,副主任医师,心血管内科,武汉大学人民医院,9.9,擅长：疾病诊治擅长：高血压病、冠心病、心衰、心律失常、...,￥59,￥79
冯思玮,主治医师,呼吸科,华中科技大学同济医学院附属协和医院,10.0,擅长：肺炎，肺结节，肺结核，肺气肿，肺大泡，肺癌，支气...,￥120,未开通
刘召军,主治医师,呼吸与危重症医学科,上海交通大学医学院附属瑞金医院,10.0,擅长：重症医学科的相关疾病，如多脏器衰竭、急性重症胰腺...,￥200,暂无排班
刘春南,主治医师,心血管内科,哈尔滨医科大学附属第一医院,10.0,擅长：高血压原因的筛查，冠心病心衰疾病的治疗,￥40,￥50
余献平,副主任医师,肾脏病,浙江大学医学院附属第一医院,9.9,擅长：各种原发和继发慢性肾小球肾炎（IgA肾病、膜性肾...,￥39,￥60
杨松,副主任医师,内分泌二科,泰安市中心医院,10.0,擅长：糖尿病及其急、慢性并发症、下丘脑垂体疾病、甲状腺...,￥0,￥50
李爱新,主任医师,感染科,首都医科大学附属北京佑安医院,10.0,擅长：艾滋病抗病毒治疗、艾滋病机会性感染、HIV暴露后...,￥119,暂无排班
严志聪,主治医师,神经科,中山大学附属第一医院,10.0,擅长：头晕、各种头痛及脑血管疾病，失眠等多发病，常见病,￥80,未开通
马晓蕾,副主任医师,风湿免疫科,南京鼓楼医院,9.9,擅长：类风湿关节炎、强直性脊柱炎、系统性红斑狼疮、干燥...,￥50,未开通
陈波,副主任医师,心血管内科,郑州大学附属郑州中心医院,10.0,擅长：高血压、晕厥、冠心病心绞痛、心肌梗死、心律失常、...,￥39,￥99
刘玉建,主治医师,心血管内科,华中科技大学同济医学院附属同济医院,10.0,擅长：从事心脏病诊治工作。医学博士。自参加工作以来一直...,￥30,未开通
杨雅琪,主治医师,过敏反应科,华中科技大学同济医学院附属同济医院,10.0,擅长：呼吸道过敏性疾病（过敏性哮喘，过敏性鼻炎，过敏性...,￥30,未开通
沈子妍,主治医师,肾病科,复旦大学附属中山医院,10.0,擅长：痛风与高尿酸肾病,￥60,未开通
王成美,副主任医师,血液内科,枣庄市立医院,10.0,擅长：各种贫血、急慢性白血病及多发性骨髓瘤诊断与治疗、...,￥20,￥30
关熠,主治医师,肾内科,复旦大学附属华山医院,10.0,擅长：肾内科常见疾病,￥48,￥199
孙静媛,主任医师,肝病中心,北京地坛医院,10.0,擅长：各类传染病，肝病。,￥50,未开通
姚园,副主任医师,心血管内科,武汉大学人民医院,10.0,擅长：.心血管内科等相关疾病的治疗,￥49,未开通
邵菲菲,主治医师,内分泌糖尿病科,甘肃省人民医院,9.9,擅长：糖尿病、甲亢、甲减、甲状腺结节、库欣综合征、矮小...,￥21,暂无排班
张家利,主任医师,心内科,北京积水潭医院回龙观院区,,擅长：冠心病、心肌梗死、高血压病、心力衰竭、心律紊乱、...,￥150,未开通
陆浩,副主任医师,心内科,复旦大学附属中山医院,9.9,擅长：冠心病的介入治疗，尤其是复杂冠脉病变，如慢性闭塞...,￥200,暂无排班
李连喜,主任医师,内分泌代谢科,上海市第六人民医院,10.0,擅长：肥胖、糖尿病及其并发症、甲亢、甲减、甲状腺炎、甲...,￥279,未开通
贺德志,主任医师,消化内科(河医院区),郑州大学第一附属医院,10.0,擅长：食管癌、胃癌、结肠癌、肝癌等消化道肿瘤的诊疗，对...,￥59,￥100
黄东,副主任医师,心内科,复旦大学附属中山医院,9.8,擅长：冠心病的介入治疗、心血管疾病的诊断和治疗,￥100,未开通
刘婷,住院医师,呼吸内科,四川大学华西医院,9.9,擅长：呼吸科相关疾病,￥15,￥50
姜珊,主治医师,老年医学科,北京协和医院,,擅长：老年常见慢病的诊治，常见老年综合征的管理，如营养...,￥150,暂无排班
吴亚哲,主任医师,心内科,中国医学科学院阜外医院,9.9,擅长：心血管疾病，各种高血压、难治性高血压和继发性高血...,￥200,未开通
陈芬琴,副主任医师,内分泌科,中国医科大学附属第一医院,10.0,擅长：糖尿病内分泌治疗,￥49,暂无排班
周红梅,主任医师,冠心病/大血管,武汉亚洲心脏病医院,9.9,擅长：各类简单、复杂先天性心脏病的诊断、评估及治疗方案...,￥30,未开通
赖荣陶,副主任医师,门诊感染病,上海交通大学医学院附属瑞金医院,10.0,擅长：药物性肝损伤、各类病毒性肝炎、脂肪肝等,￥150,未开通
赵军,主任医师,内分泌科(普),华中科技大学同济医学院附属协和医院,9.9,擅长：泌尿系肿瘤、肾囊肿去顶、肾上腺肿瘤切除、肾上腺切...,￥30,暂无排班
王晶,主治医师,内科,山东省立第三医院,10.0,擅长：有丰富的临床经验，擅长内科常见病、多发病的诊疗。,￥100,￥100
洪墨纳,主治医师,门诊高血压,上海交通大学医学院附属瑞金医院,10.0,擅长：高血压病因筛查、诊断及治疗；高血压优化治疗。,￥58,未开通
庄严,主治医师,传染科,唐都医院,10.0,擅长：乙肝、丙肝、肝硬化及各种不明原因肝炎、黄疸等，以...,￥50,￥50
张文俐,主治医师,心血管内科,上海交通大学医学院附属瑞金医院,10.0,擅长：心血管常见病，冠心病、心梗、先天性心脏病、心力衰...,￥43,未开通
宋淑萍,主任医师,内分泌科,天津医院,10.0,擅长：糖尿病，甲状腺疾病，痛风，慢病管理常见内科疾病,￥40,￥60
吴世洪,副主任医师,内科,达州市达川区疾病预防控制中心附属医院,10.0,擅长：内科，儿科常见病多发病及疑难杂症的诊治，态度和善...,￥60,￥100
刘士莹,主任医师,干部保健科,天津医科大学总医院,,擅长：内分泌，尤其是老年糖尿病，呼吸，感染，心血管疾病...,￥100,暂无排班
刚毅,主治医师,传染科,唐都医院,10.0,擅长：病毒性肝炎、肝脏占位性病变/肿瘤、发热、艾滋病的...,￥15,暂无排班
朱铁楠,主任医师,血液内科,北京协和医院,10.0,擅长：血栓性疾病、出血性疾病、血液科危重症、血栓性疾病...,￥200,暂无排班
方霖,主治医师,消化内科,南方医科大学南方医院,10.0,擅长：消化系统疾病的诊治（近年来门诊诊治患者近5千人/...,￥39,￥100
潘洁敏,副主任医师,内分泌代谢科,上海市第六人民医院,9.9,"擅长：肥胖及代谢综合征的综合管理，糖尿病的个体化治疗,...",￥100,￥200
罗说明,副主任医师,内分泌科门诊,中南大学湘雅二医院,10.0,擅长：糖尿病、甲状腺疾病、代谢综合征、肥胖、痛风、继发...,￥80,暂无排班
沈迎,副主任医师,心血管内科,上海交通大学医学院附属瑞金医院,10.0,擅长：冠心病，高血脂，颈动脉斑块，心律失常（房颤、房扑...,￥218,未开通
刘艳,副主任医师,老年病内科,西京医院,10.0,擅长：从事老年病科临床工作10余年，擅长老年高血压，冠...,￥30,未开通
张波,副主任医师,血液科专家,华中科技大学同济医学院附属协和医院,10.0,擅长：血液系统恶性肿瘤如多发性骨髓瘤，白血病，淋巴瘤以...,￥50,未开通
张顺财,主任医师,消化科高级专家门诊,复旦大学附属中山医院,9.6,擅长：消化系统疾病疑难杂症，慢性肝病，胃肠疾病，胰腺疾...,￥380,￥700
陈轶坚,主任医师,抗生素研究所,复旦大学附属华山医院,9.9,擅长：新型冠状病毒肺炎、尿路感染、脑脓肿、“超级细菌”...,￥200,暂无排班
吴边,主治医师,肾内科,南京大学医学院附属金陵医院（东部战区总医院）,10.0,擅长：血液透析、连续性血液净化治疗，高血压、高尿酸血症...,￥119,￥139
陈允钦,副主任医师,心内科,复旦大学附属中山医院,9.9,擅长：通过调节血脂抗动脉斑块，稳定和逆转斑块，防治动脉...,￥130,未开通
孙海霞,副主任医师,心内科,首都医科大学附属北京安贞医院,10.0,擅长：心内科、动脉硬化高脂血症、高血压、冠心病的治疗。,￥60,暂无排班
凌雁,主任医师,内分泌科高级专家门诊,复旦大学附属中山医院,9.9,擅长：内分泌代谢疾病的诊治，尤其是糖尿病、甲状腺疾病、...,￥500,未开通
黄金波,副主任医师,血液内科,中国医学科学院血液病医院（血液学研究所）,9.9,擅长：再生障碍性贫血、骨髓增生异常综合症，纯红细胞再生...,￥100,￥300
吴春玲,副主任医师,风湿科,中国医科大学附属第一医院,10.0,擅长：系统性红斑狼疮，类风湿关节炎，强直性脊柱炎,￥50,暂无排班
吕富靖,主任医师,消化内科,首都医科大学附属北京友谊医院,10.0,擅长：消化系统疾病的内镜下微创诊疗。包括胃镜、结肠镜、...,￥150,￥300
张方,主任医师,呼吸科,甘肃省人民医院,10.0,擅长：肺部感染性疾病的诊治、气管镜技术及镜下治疗。,￥30,未开通
段英辉,副主任医师,神经内科,联勤保障部队第970医院,10.0,擅长：脑血管病、头晕、头痛、睡眠障碍、认知功能障碍、情...,￥25,￥66
周城林,主治中医师,神经内科,利川市民族中医院,10.0,擅长：中西医结合治疗神经系统疾病，如脑血管病（脑梗死、...,￥15,￥38
黄赛赛,主治医师,风湿免疫科,南京鼓楼医院,,擅长：风湿免疫科相关疾病,￥25,未开通
黄嵘,主任医师,神经内科,南京鼓楼医院,9.9,擅长：脑血管病、帕金森病、神经及肌肉病、神经遗传病的诊...,￥89,暂无排班
蒋玲,主任医师,内分泌科,山东大学齐鲁医院,10.0,擅长：糖尿病及并发症、骨质疏松症、甲状腺疾病、生长发育...,￥100,暂无排班
逄焕宁,副主任医师,消化内科,吉林市人民医院,10.0,擅长：胃食管反流病、根除幽门螺杆菌、胃肠息肉的治疗；早...,￥30,￥100
王晶,主治医师,风湿免疫科,中国人民解放军联勤保障部队第962医院,10.0,擅长：风湿免疫科类相关疾病、中医中药治疗消化、心脏、泌...,￥30,￥39
汪鹏,主治医师,内科,铜陵市立医院,10.0,擅长：急性化脓性扁桃腺炎、肥胖合并脂肪肝、支气管炎、过...,￥15,暂无排班
王晓琴,主任医师,呼吸内科,淮北市人民医院,10.0,擅长：高血压，高脂血症，高尿酸血症，冠心病，扩张性心肌...,￥60,暂无排班
关媛媛,主治医师,过敏反应诊室,哈尔滨医科大学附属第一医院,10.0,擅长：过敏性鼻炎，过敏性哮喘，荨麻疹，湿疹，接触性皮炎...,￥20,未开通
段力平,主任医师,风湿免疫科(内科新冠门诊),中南大学湘雅医院,9.3,擅长：风湿免疫科相关疾病,￥200,未开通
刘志敏,主任医师,心内科,中国医学科学院阜外医院,9.8,擅长：起搏器，ICD，CRT/CRTD植入及随访，心律...,￥300,￥500
卢放根,主任医师,消化内科门诊,中南大学湘雅二医院,10.0,擅长：消化系统疾病诊治，尤其是肝硬化失代偿期和炎性肠病...,￥200,暂无排班
许建忠,主任医师,门诊高血压,上海交通大学医学院附属瑞金医院,9.8,擅长：难治性高血压诊治，肾神经消融治疗高血压，继发性高...,￥100,￥300
黄晨,主任医师,肾病内科,西京医院,10.0,擅长：危重肾脏病的救治和血液净化治疗，尤其是老年肾脏疾...,￥100,未开通
高旭光,主任医师,神经内科,北京大学人民医院,9.9,擅长：成人神经内科疾病：脑血管病、癫痫、头痛等，神经内...,￥50,￥150
孙超,副主任医师,心血管科门诊-起搏器随访门诊,北京大学第三医院,10.0,擅长：1）心律不齐、心动过缓、心动过速、早搏、房颤等心...,￥200,￥300
陈波斌,主任医师,血液科,复旦大学附属华山医院,9.9,擅长：主要擅长于各种疑难淋巴瘤、骨髓瘤、白血病、贫血、...,￥200,未开通
赵桂鸣,主任医师,内科,天津市第二人民医院,9.9,擅长：长期从事急、慢性肝炎、肝硬化和肝癌等肝脏疾病的临...,￥50,暂无排班
张清芬,主任医师,心血管内科,河北省人民医院,10.0,擅长：高血压、冠心病、心衰心律失常心血管神经症,￥50,暂无排班
薛骏,主任医师,肾内科,复旦大学附属华山医院,9.7,擅长：疑难血管通路的建立、急性、慢性肾小球肾炎；间质性...,￥100,未开通
王一倩,主任医师,消化内科,复旦大学附属华东医院,10.0,擅长：消化内科疾病的诊治，如幽门螺杆菌感染的治疗，慢性...,￥70,暂无排班
杨丽,主任医师,内分泌科,湖南省人民医院,9.9,擅长：常见内分泌科相关疾病,￥20,￥50
张吉,主治医师,消化内科,上海交通大学医学院附属瑞金医院,9.9,擅长：消化内镜(包括胶囊内镜)、消化道常见疾病的诊断与...,￥25,暂无排班
宫克旭,主任医师,心血管内科,天津市静海区医院,10.0,擅长：冠心病（心绞痛、心肌梗死），高血压病，心律失常，...,￥20,￥100
王岚,副主任医师,消化内科,贵州医科大学附属医院,10.0,擅长：消化内科常见病，多发病及肝，胆，胰疾病的诊治，擅...,￥15,￥200
梅风君,主任医师,神经内科,河北医科大学第四医院,10.0,擅长：脑血管病的诊断及防治、各种头痛头晕诊治、脱髓鞘疾...,￥100,￥80
张晓猛,副主任医师,风湿免疫科,合肥市第一人民医院,10.0,擅长：类风湿性关节炎、强直性脊柱炎、静脉曲张、风湿性关...,￥45,￥45
费朝霞,主任医师,内分泌科,青岛市海慈医疗集团,9.9,擅长：内分泌糖尿病等代谢性疾病的临床诊治和各种内科急症...,￥60,￥100
祝金泉,主任医师,消化科门诊,南昌大学第一附属医院,10.0,擅长：胃及十二指肠溃疡、慢性胃炎、反流性食管炎、慢性结...,￥80,￥200
李小莹,副主任医师,老年病科,空军军医大学(第四军医大学)口腔医学院,10.0,擅长：高血压，糖尿病，脑血管病，眩晕疾病、各种头疼及颌...,￥30,暂无排班
李志荃,主任医师,感染性疾病科,寿光市人民医院,10.0,擅长：各类感染性疾病，包括病毒性肝炎，水痘，麻疹，手足...,￥30,￥50
金毅斌,副主任医师,消化内科,乌镇互联网医院门诊部,9.9,擅长：消化道（食管、胃、结肠）息肉、粘膜异型增生（不典...,￥49,暂无排班
张玉高,副主任医师,风湿免疫科,西南医科大学附属医院,10.0,擅长：类风湿关节炎、系统性红斑狼疮、狼疮性肾炎、强直性...,￥20,￥300
邓宝茹,主任医师,消化科,天津医科大学总医院,10.0,擅长：邓宝茹。主任医师。擅长胃肠及肝胆等疾病的诊断治疗...,￥60,未开通
姜水菊,主任医师,呼吸科,南通市第三人民医院,9.9,擅长：呼吸科常见病、疑难病的诊治。,￥100,暂无排班
吴国斌,副主任医师,呼吸内科,赣南医学院第一附属医院,10.0,擅长：各种呼吸系统疾病常见病、疑难病、危重病的诊治，如...,￥88,暂无排班
张小乐,副主任医师,心血管内科,肇庆市第一人民医院,10.0,擅长：冠心病、高血压、心力衰竭。心律失常、心肌病,￥22,暂无排班
刘泽英,主任医师,呼吸内科,首都医科大学附属北京安贞医院,10.0,擅长：哮喘，慢阻肺（慢支、肺气肿），肺间质病，肺栓塞等...,￥150,未开通
王少鹏,副主任医师,心内科,大连医科大学附属第一医院,9.9,擅长：心内科常见疾病,￥500,￥120
孟凡喜,主治医师,内科,威县妇幼保健院,10.0,擅长：全科医学，肺炎，呼吸道感染，肺心病，各种消化道疾...,￥20,暂无排班
李勇,主任医师,呼吸内科,齐齐哈尔市建华医院,10.0,擅长：心脑血管，呼吸，消化消化疾病,￥30,暂无排班
苏冬菊,主任医师,呼吸内科,哈尔滨医科大学附属第二医院,10.0,擅长：肺部感染性疾病、肺心病、肺癌、支气管哮喘、胸腔积...,￥50,未开通
王发辉,副主任医师,呼吸内科,海南医学院第二附属医院,,擅长：暂无介绍,￥20,未开通
姚瑶,主任医师,神经内科,黄山市人民医院,10.0,擅长：脑出血、脑血管疾病、周围神经病、癫痫等疾病诊治。,￥20,未开通
闫建军,主治医师,心血管内科,天津市胸科医院,,擅长：高血压冠心病心力衰竭,￥20,￥30
李春媚,副主任医师,肾脏内科,哈尔滨医科大学附属第二医院,10.0,擅长：各型肾炎，急慢性肾功不全，尿路感染。,￥50,未开通
姚要兵,主治医师,神经内科(河医院区),郑州大学第一附属医院,9.9,擅长：脑梗死，脑出血，脑炎，口眼歪斜，头晕头疼，失眠，...,￥30,暂无排班
田荣茂,主任医师,肝病专科,三明市中西医结合医院,10.0,擅长：新型冠状病毒感染的肺炎诊断、鉴别诊断。2004年...,￥30,￥100
李颖,副主任医师,普内科,中国人民解放军联勤保障部队第九六〇医院,10.0,擅长：糖尿病及其各种并发症、甲状腺疾病、肾上腺疾病、垂...,￥20,￥68
罗娟,副主任医师,内分泌科,湖南省人民医院,10.0,擅长：糖尿病、甲状腺疾病及其他内分泌疾病的诊断及治疗,￥40,未开通
杜勇,主治医师,消化内科,黄山市人民医院,10.0,擅长：暂无介绍,￥30,￥20
余炳取,副主任医师,消化内科,浙江中医药大学附属温州中西医结合医院,10.0,擅长：消化科各种疾病，特别是胃食管反流病，慢性便秘，肠...,￥50,暂无排班
孙敏,主任医师,内分泌科门诊,江苏省人民医院,10.0,擅长：熟练掌握糖尿病、甲状腺、垂体和肾上腺疾病等常见疾...,￥200,未开通
刘光军,主治医师,肾脏病中心门诊,浙江大学医学院附属第一医院,9.9,擅长：治疗肾移植，狼疮性肾炎，IgA肾病等风湿免疫疾病,￥30,未开通
陈亮,副主任医师,神经内科,重庆市第五人民医院,10.0,擅长：脑血管病，神经心理学，焦虑症，抑郁症，认知障碍，...,￥30,￥30
陈珺,主任医师,心脏内科,天津医科大学总医院,10.0,擅长：高血压、冠心病、心律失常、心衰等心血管内科疾病的...,￥30,未开通
魏行纬,住院医师,呼吸内科,海南省人民医院,10.0,擅长：全科专业，擅长上感肺炎慢阻肺高血压冠心病...,￥20,￥10
陈芳芳,副主任医师,感染科,甘肃省第二人民医院,10.0,擅长：病毒性肝炎、肝硬化及其并发症的治疗。艾滋病及其他...,￥20,￥50
蒲鹏,副主任医师,心血管内科,重庆医科大学附属第一医院,10.0,擅长：冠心病，高血压，心力衰竭及心血管疑难危重症,￥50,未开通
郑毅,副主任医师,感染性疾病科,浙江省新华医院,10.0,擅长：慢性乙型病毒肝炎临床治愈，慢性丙型病毒性肝炎，脂...,￥39,￥100
胡曦,主治医师,消化内科,汕头大学医学院第一附属医院,10.0,擅长：消化内科疾病,￥20,暂无排班
程宗新,副主任医师,神经内科,南昌大学第三附属医院,10.0,擅长：心脑血管病的常见病、多发病、部分疑难病，心身疾病...,￥20,￥49
刘金殿,副主任医师,消化肝病科,甘肃省武威肿瘤医院,10.0,擅长：消化内科疾病的诊断与治疗，掌握熟悉消化内镜的基本...,￥30,￥100
张凡凡,主治医师,心血管内科,泰安市中心医院,10.0,擅长：疑难心电图及起搏器心电图分析，高血压及冠心病治疗...,￥0,￥30
朱吉安,主治医师,心血管病科,泰安市中医医院,10.0,擅长：中西医结合治疗心血管系统常见病、多发病，如冠心病...,￥0,￥20
郝志民,主治医师,感染性疾病科,菏泽市中医医院,10.0,擅长：治疗小儿疱疹性咽峡炎、感冒、咳嗽、发热、急慢性肝...,￥20,￥68
刁鸿英,主任医师,心血管内科,吉林大学第二医院,10.0,擅长：冠心病(心绞痛、心肌梗死)、高血压、心律失常、心...,￥30,暂无排班
沈春玲,副主任医师,普通内科,宁波市医疗中心李惠利医院,10.0,擅长：内科各种常见病、多发病的诊治，尤其在糖尿病、高血...,￥30,￥40
张传英,副主任医师,内分泌科,天津市武清区中医医院,10.0,擅长：糖尿病，糖尿病周围神经病变，糖尿病肾病，糖尿病视...,￥20,￥30
何云,主治医师,消化内分泌科,随州市中心医院,10.0,擅长：常见消化内科相关疾病，比如反流性食管炎，胃炎，胃...,￥18,暂无排班
余洋,主治医师,内分泌内科,北京大学第一医院,10.0,擅长：糖尿病、甲状腺疾病及肾上腺疾病等,￥49,未开通
韩锐,副主任医师,呼吸内科,合肥市第一人民医院,10.0,擅长：呼吸系统疾病，包括肺部肿瘤，感染、呼吸危重症、慢...,￥30,￥100
孙鲁生,主治医师,综合内科,秦皇岛市第一医院,10.0,擅长：秦皇岛市第一医院内科主治医师，尤为擅长冠心病的临...,￥20,￥50
李静,主任医师,老年综合内科二,哈尔滨医科大学附属第二医院,10.0,擅长：老年心脑血管病，高血压，老年糖尿病，骨质疏松，认...,￥50,暂无排班
任冬梅,副主任医师,内分泌科,中国人民解放军联勤保障部队第九六〇医院,9.9,擅长：糖尿病，甲亢甲减，高血脂，高血压，冠心病，脑梗塞...,￥200,暂无排班
王琳,副主任医师,血液科,山东大学齐鲁医院,,擅长：对各种临床常见、疑难血液病具有较高的诊疗水平，特...,￥80,暂无排班
连豫苞,主任医师,感染科,三明市第一医院,10.0,擅长：病毒性肝炎、脂肪肝等各类肝病，发热、呼吸道感染、...,￥30,暂无排班
徐明伟,主任医师,普内科,甘肃省第二人民医院,,擅长：内科的相关疾病,￥20,￥50
常红,主任医师,血液内科,四川大学华西医院,10.0,擅长：各种血液检查报告解读，用药建议及诊后指导。血液科...,￥200,￥600
蒋卫民,主任医师,感染发热,复旦大学附属华山医院,9.9,擅长：各种病毒性肝炎、肝功能异常、各种发热性疾病、寄生...,￥300,￥500
徐蔚海,主任医师,神经科,北京协和医院,9.9,擅长：疑难脑卒中，青年卒中，中枢神经系统疾病疑难疾病，...,￥650,未开通
张海鹏,住院医师,呼吸科,四川大学华西医院,10.0,擅长：呼吸道疾病例如上呼吸道感染，各类肺炎，COPD，...,￥30,￥60
汤正义,主任医师,门诊内分泌,上海交通大学医学院附属瑞金医院,9.9,擅长：糖尿病血糖控制与疑难并发症的诊治，甲状腺、肾上腺...,￥300,未开通
李凯,副主任医师,消化内科,西京医院,10.0,擅长：肝硬化，肝癌，消化道出血，腹水，病毒性肝炎等慢性...,￥80,未开通
孙晓红,主任医师,消化内科,北京协和医院,10.0,擅长：胃食管反流病、贲门失弛缓症、功能性食管疾病、功能...,￥300,未开通
张德新,主任医师,消化内科,西京医院,9.9,擅长：各种食管、胃、肠道疾病。包括胃食管反流病，消化不...,￥100,暂无排班
高瑞通,主任医师,肾内科,北京协和医院,9.9,擅长：各种原发和继发性肾小球疾病、肾血管疾病及急、慢性...,￥700,￥1200
施光峰,主任医师,感染发热,复旦大学附属华山医院,9.5,擅长：各种感染病的诊治，尤其擅长慢乙肝、慢丙肝、脂肪肝...,￥498,￥498
程蕾蕾,主任医师,心内科,复旦大学附属中山医院,9.8,擅长：关注恶性肿瘤患者放疗、化疗、靶向及免疫治疗过程中...,￥500,未开通
舒慧君,主任医师,消化内科,北京协和医院,10.0,擅长：消化系统常见病，自身免疫性肝病，自身免疫性胰腺炎...,￥500,￥1000
曹玉珍,主任医师,神经科,北京协和医院,9.9,擅长：各种类型的脑血管病的诊治，包括脑梗塞，脑出血，蛛...,￥300,未开通
汪涛,主任医师,呼吸与危重症医学科,华中科技大学同济医学院附属同济医院,10.0,擅长：肺癌，肺结节的介入消融治疗，气道狭窄，气道瘘治疗...,￥120,暂无排班
廖建泉,主治医师,心内科,复旦大学附属中山医院,10.0,擅长：冠心病、高血压、心律失常、心力衰竭、心肌病等复杂...,￥100,￥200
张峰,主任医师,心内科高级专家门诊,复旦大学附属中山医院,10.0,擅长：冠心病、高血压、高血脂、心律失常、心功能不全等心...,￥380,￥888
郝敬波,主任医师,老年医学科,徐州医科大学附属医院,10.0,擅长：高血压、糖尿病、冠心病、甲状腺疾病、内分泌疾病、...,￥30,￥30
赵雪燕,主任医师,心内科,中国医学科学院阜外医院,,擅长：冠心病、心力衰竭、高血压病、高脂血症的诊治。冠心...,￥300,未开通
张东健,副主任医师,神经内科,天津市静海区医院,10.0,擅长：熟练应对内科常见病得诊疗以及心脑血管疾病的鉴别诊...,￥20,￥29
朱小明,主治医师,内分泌科,复旦大学附属华山医院,10.0,擅长：血糖的精细化和个体化管理、肥胖症的鉴别诊断和治疗...,￥89,￥259
张富花,主任医师,消化内科,甘肃省第二人民医院,10.0,擅长：消化内科疾病，消化心身疾病，失眠，消化不良，消化...,￥30,￥100
李晶,主任医师,内分泌科,吉化集团公司总医院,10.0,擅长：糖尿病及其各种并发症，高血压，甲状腺疾病～～甲亢...,￥30,￥50
魏永罡,副主任医师,呼吸科,兰州市第一人民医院,10.0,擅长：对呼吸系统疾病如肺部感染、肺恶性肿瘤、支气管哮喘...,￥15,￥50
周珊珊,副主任医师,神经内科诊室,哈尔滨医科大学附属第一医院,10.0,擅长：神经内科常见，多发疾病，主要包括脑血管病，脑梗死...,￥39,￥200
吉炜,主治医师,心血管专科,上海儿童医学中心,10.0,擅长：儿童心脏病：包括房室传导阻滞、阵发性室上...,￥100,未开通
张萌萌,住院医师,感染病科,哈尔滨医科大学附属第二医院,10.0,擅长：感染类相关疾病,￥30,未开通
谢容根,副主任医师,感染科·肝病诊疗中心,东莞市第三人民医院,10.0,擅长：常见感染及肝脏相关疾病，如发热查因、肺结核、结核...,￥10,￥300
姚薇,副主任医师,心内科,天津医科大学总医院,10.0,擅长：高血压、冠心病、心律失常、心力衰竭等心脏科疾病的...,￥35,暂无排班
毛靓瑶,主治医师,脾胃病一科,陕西省中医医院,10.0,擅长：慢性胃炎，消化性溃疡，结肠炎，溃疡性结肠炎，功能...,￥30,未开通
杨俊峰,副主任医师,神经内科,天津医科大学总医院,10.0,擅长：天津医科大学总医院神经内科主治医师，擅长帕金森病...,￥60,￥100
葛幸峰,主治医师,消化内科,宁波市医疗中心李惠利东部医院,9.9,擅长：于消化系统病变，尤其成年胃肠，肝胆方面，擅长临床...,￥30,暂无排班
白然,主任医师,内分泌科,大连医科大学附属第一医院,10.0,擅长：糖尿病及其并发症的诊断、治疗以及甲状腺、肾上腺、...,￥30,暂无排班
王晓黎,主任医师,内分泌科,中国医科大学附属第一医院,10.0,擅长：内分泌系统疾病诊治，包括各种类型糖尿病，甲状腺疾...,￥200,￥199
孟馨,主任医师,内分泌科,中国医科大学附属第一医院,10.0,擅长：糖尿病及并发症的诊治、甲状腺疾病诊治等。,￥89,未开通
赵耀中,主任医师,淋巴瘤诊疗中心,中国医学科学院血液病医院（血液学研究所）,10.0,擅长：各类血液病的诊断与治疗，尤其擅长各类淋巴系统血液...,￥200,￥500
宋雷,主任医师,心内科,中国医学科学院阜外医院,10.0,擅长：冠心病及冠脉介入治疗，冠状动脉内影像及生理学，左...,￥399,￥1992
张鑫,主治医师,肾内科,北京大学第一医院,10.0,擅长：慢性肾脏病、肾小球肾炎、单克隆免疫球蛋白相关肾损...,￥60,未开通
李超,副主任医师,肾内科,北京协和医院,9.9,擅长：膜性肾病、狼疮性肾炎等原发和继发性肾小球疾病,￥200,未开通
吴斌,主治医师,神经内科,复旦大学附属华山医院,,擅长：神经内科的相关疾病,￥100,未开通
李晓光,主任医师,神经科,北京协和医院,9.9,擅长：肌萎缩侧索硬化及其他神经系统退行性疾病（如老年痴...,￥999,￥1999
杨帆,主任医师,抗生素研究所,复旦大学附属华山医院,9.3,擅长：各类细菌、真菌感染诊治，抗菌药物合理应用。,￥800,￥1000
陈雪华,副主任医师,呼吸内科,复旦大学附属中山医院,9.9,擅长：急性、慢性肺炎，肺结节，隐原性机化性肺炎，肺隐球...,￥100,未开通
罗锋,主治医师,呼吸科,四川大学华西医院,9.9,擅长：医学博士。在呼吸系统常见疾病以及多发病，尤其是对...,￥140,暂无排班
侯婉音,主治医师,肾内科,北京大学第一医院,10.0,擅长：IgA肾病，膜性肾病，肾病综合征，新冠病毒感染后...,￥100,￥300
徐仁德,主治医师,心内科,复旦大学附属中山医院,,擅长：心内科相关疾病,￥100,未开通
陈辉,主治医师,消化内科,西京医院,9.9,擅长：肝炎（乙肝，丙肝等）的规范治疗，肝硬化并发症的规...,￥69,￥99
李异玲,主任医师,消化内科,中国医科大学附属第一医院,10.0,擅长：各种急慢性肝病的诊治，尤其是脂肪性肝病，药物性肝...,￥100,暂无排班
黄智伟,副主任医师,心内科,中国医学科学院阜外医院,10.0,擅长：冠心病心肌梗死高血压病高脂血症心律失常（...,￥150,￥500
王家旭,主治医师,消化内科,南宁市第一人民医院,10.0,擅长：胃肠镜检查以及胃肠镜下多种疾病的治疗。擅长消化道...,￥30,￥50
李宪乔,主治医师,肾内科,胜利油田中心医院,10.0,"擅长：常见肾病内科疾病诊治,常见肾脏病相关症状(水肿、...",￥60,￥100
赵威,副主任医师,消化科,天津医科大学总医院,10.0,擅长：肠易激综合征，便秘，腹泻，腹胀，消化不良，胃食管...,￥80,暂无排班
孟培培,主治医师,消化内科,中国人民解放军联勤保障部队第980医院,10.0,擅长：脑梗塞，脑出血，植物神经功能紊乱，反流性食管炎，...,￥20,暂无排班
魏文迪,主治医师,感染科,泰安市中医医院,10.0,擅长：中西医结合进行病毒性肝炎，乙肝，丙肝，肝硬化，肝...,￥0,￥100
孙大朋,主治医师,呼吸内科,威海市妇幼保健院,10.0,擅长：呼吸系统常见病、多发病的诊治，尤其擅长冠状病毒肺...,￥29,￥50
褚鹤龄,副主任医师,神经内科,上海市第六人民医院,10.0,擅长：各种不明原因的头晕、眩晕，脑梗死、脑出血、静脉窦...,￥149,暂无排班
陈睿,主治医师,老年病内科,西京医院,,擅长：暂无介绍,￥10,未开通
于慧敏,主任医师,风湿免疫科,哈尔滨医科大学附属第二医院,10.0,擅长：类风湿性关节炎，强直性脊柱炎，骨关节炎,￥30,未开通
李忠,主任医师,神经内科,北京市第一中西医结合医院,10.0,擅长：头晕，头痛，震颤，失眠，脑血管病。,￥59,￥60
范庭涛,副主任医师,呼吸内科,三明市第一医院,10.0,擅长：呼吸系统疾病，包括上呼吸道感染、急慢性咳嗽、急性...,￥15,暂无排班
张炎,副主任医师,血液内科,北京协和医院,9.4,擅长：淋巴瘤，骨髓瘤，白血病，再生障碍性贫血等各种血液...,未开通,未开通
路美娟,副主任医师,心内二科,天津中医药大学第二附属医院,10.0,擅长：中西医治疗冠心病，心绞痛，心律失常，心衰，高血压...,￥20,￥30
王卓群,主治医师,心内科,天津医科大学总医院,10.0,擅长：心内科相关疾病,￥30,暂无排班
郝玉明,主任医师,心血管内科,河北医科大学第二医院,10.0,擅长：心血管疾病的诊断和治疗,￥100,暂无排班
刘乐明,主治医师,普内科,南昌大学第一附属医院,10.0,擅长：冠心病、高血压、心律失常、高脂血症等心血管内科疾...,￥15,￥60
于明香,主任医师,内分泌科高级专家门诊,复旦大学附属中山医院,9.9,擅长：内分泌与代谢疾病：骨质疏松、糖尿病、甲状腺疾病、...,￥500,￥880
刘艳,副主任医师,遗传性神经肌肉病,华中科技大学同济医学院附属同济医院,9.9,擅长：儿科神经系统疾病如儿童脑发育迟缓、脑性瘫痪、儿童...,￥60,暂无排班
孙石磊,主任医师,神经内科(河医院区),郑州大学第一附属医院,9.9,擅长：脑血管疾病、重症肌无力、癫痫、眩晕、痴呆、颅内感...,￥80,￥500
陈小东,主任医师,呼吸科,复旦大学附属华山医院,9.7,擅长：肺部结节、肺癌、慢性咳嗽、哮喘、慢阻病、肺纤维化...,￥500,￥1000
李谦,副主任医师,感染发热,复旦大学附属华山医院,9.8,擅长：发热待查、疑难感染性疾病以及慢性肝病的鉴别诊断与...,￥200,未开通
杨阳,副主任医师,心内科,北京儿童医院,10.0,擅长：小儿先心病动脉导管，房间隔缺损，室间隔缺损等的介...,￥50,￥300
戴艳,副主任医师,肾病科,复旦大学附属中山医院,10.0,擅长：糖尿病肾病，高血压肾病，肾脏疾病高尿酸血症等一体...,￥120,￥300
王一梅,副主任医师,肾病科,复旦大学附属中山医院,10.0,擅长：急性肾损伤、血尿蛋白尿、慢性肾功能不全、高尿酸血...,￥100,未开通
杨志梅,主治医师,血液病研究所,北京大学人民医院,10.0,擅长：白血病，淋巴瘤，骨髓瘤，骨髓增生异常综合征，再生...,未开通,暂无排班
缪连生,副主任医师,消化内科,甘肃省第二人民医院,10.0,擅长：从事消化及消化内镜30余年。在消化及消化内镜下各...,￥25,￥38
陈秀梅,副主任医师,心血管内科,江苏省人民医院,10.0,擅长：甲流奥司他韦处方、长新冠后遗症（新冠感染后胸闷、...,￥100,￥200
潘超,主治医师,神经内科,华中科技大学同济医学院附属同济医院,10.0,擅长：脑梗死，脑出血，周围神经病，抑郁焦虑，癫痫，帕金...,￥99,未开通
薛喜锐,主任医师,呼吸内科,甘肃省第二人民医院,10.0,擅长：慢性阻塞性肺疾病、支气管哮喘、肺结核、各种肺炎及...,￥20,￥40
徐臣年,主治医师,心脏内科,西京医院,10.0,擅长：心脏瓣膜病、先天性心脏病、主动脉夹层动脉瘤，主动...,￥50,￥50
李博,主治医师,心血管内科,浙江大学医学院附属第一医院,10.0,擅长：高血压病、冠心病、心律失常、心力衰竭以及老年性、...,￥35,￥80
何晓敏,副主任医师,心血管专科,上海儿童医学中心,10.0,擅长：国内率先开展先天性心脏病的微创与美容外科一体化治...,￥50,未开通
韩保林,主治医师,呼吸内科,长沙市第九医院,10.0,擅长：常见急慢性病，呼吸系统如老慢支、哮喘、慢阻肺等，...,￥20,暂无排班
车明文,主治医师,感染科,中国人民解放军新疆军区总医院,10.0,擅长：乙肝，结核等传染性疾病的治疗,￥20,未开通
李六生,主任医师,肾内科,宜昌市第一人民医院,10.0,擅长：慢性肾功能衰竭、狼疮肾炎、原发性肾病综合征、...,￥30,暂无排班
赵文,主任医师,干部保健科,天津医科大学总医院,10.0,擅长：老年病、脑血管病、癫痫、认知功能障碍等神经系统疾...,￥30,暂无排班
石建邦,副主任医师,呼吸科,九江市第一人民医院,10.0,擅长：呼吸内科常见疾病,￥30,未开通
廖彬,副主任医师,呼吸科,九江市第一人民医院,10.0,擅长：感染性疾病特别是肺部感染的诊治，慢阻肺、呼吸衰竭...,￥15,未开通
颜承尧,副主任医师,内科,滕州市中医医院,10.0,擅长：从事内科临床工作30余年，临床经验丰富，擅长内科...,￥20,暂无排班
王洪永,副主任医师,内分泌二科,泰安市中医医院,10.0,擅长：泰安市中医医院内分泌二科副主任医师,￥0,未开通
王征,副主任医师,老年病内科,北京大学第三医院,10.0,擅长：老年医学、老年综合评估、老年心血管病及结构性心脏...,￥100,暂无排班
周立,主治医师,心内科,上海交通大学附属胸科医院,,擅长：快速性和缓慢性心律失常,￥20,暂无排班
顾宇彤,主任医师,呼吸内科,复旦大学附属中山医院,9.7,擅长：肺部疑难疾病诊断，慢性阻塞性肺病、哮喘、咳嗽、肺...,￥300,￥500
蒋进军,主任医师,呼吸内科,复旦大学附属中山医院,9.7,擅长：各种原因导致的肺栓塞、肺高压、肿瘤相关性肺炎、重...,￥380,￥800
欧阳铭,副主任医师,呼吸科门诊,广州医科大学附属第一医院,9.9,擅长：支气管哮喘、慢性支气管炎、呼吸道感染性疾病的诊治...,￥200,￥800
崔国惠,主任医师,血液科专家,华中科技大学同济医学院附属协和医院,10.0,擅长：白血病、淋巴瘤、造血干细胞移植,￥100,暂无排班
赵桂宪,副主任医师,神经内科,复旦大学附属华山医院,9.7,擅长：颅内单发/多发病变的诊断和鉴别诊断，专长中枢神经...,￥360,￥500
黎纬明,副主任医师,血液科专家,华中科技大学同济医学院附属协和医院,10.0,擅长：慢性粒细胞白血病，造血系统恶性疾病、造血干细胞移...,￥50,未开通
郑丹侠,主任医师,肾病内科,北京大学第三医院,10.0,擅长：各种肾炎的诊断和治疗膜性肾病，IgA肾病，微小病...,￥150,暂无排班
宋涛,副主任医师,心血管内科,武汉大学人民医院,10.0,擅长：冠心病介入诊疗高血压药物调整心力衰竭的药物治疗,￥49,￥100
岳华,主任医师,肾病科,新疆维吾尔自治区人民医院,10.0,"擅长：肾病科常见病，多发病，各类急慢性肾脏疾病,继发性...",￥30,暂无排班
曾敬清,主治医师,消化科,上海儿童医学中心,10.0,擅长：常见儿童消化科相关疾病：腹泻，便秘，消化不良，幽...,￥0,￥300
贾红蔚,副主任医师,内分泌科,天津医科大学总医院,10.0,擅长：糖尿病和甲状腺疾病的诊治,￥20,￥120
沈赟,主治医师,内分泌代谢科,上海市第六人民医院,10.0,擅长：糖尿病，肥胖，甲状腺疾病，多囊卵巢综合症等内分泌...,￥80,￥100
林勇,主任医师,呼吸科,南京市胸科医院,10.0,擅长：在近四十年的临床实践中，积累了丰富的临床经验，尤...,￥158,￥249
林煌斌,主治医师,神经内科,上海长海医院,10.0,擅长：脑血管病（包括脑梗死，脑梗塞，脑卒中，脑中风，脑...,￥50,暂无排班
刘序友,主任医师,消化内科,广州市红十字会医院,10.0,擅长：胃炎、幽门螺杆菌感染、肠炎、食管炎、肝炎、肝硬化...,￥49,￥89
吕永楠,副主任医师,心血管内科,武汉大学人民医院,10.0,擅长：冠心病、心绞痛、高血压、心肌炎、心律失常、房颤、...,￥99,未开通
张磊,主治医师,内科,山东省立第三医院,10.0,擅长：内科常见疾病的诊治，如：水肿蛋白尿血尿高血压等急...,￥29,￥100
刘志平,主治医师,呼吸科,黑龙江中医药大学附属第一医院,10.0,擅长：肺炎、弥漫性泛细支气管炎、哮喘、慢性阻塞性肺疾病...,￥50,￥50
马毓,主治医师,门诊高血压,上海交通大学医学院附属瑞金医院,10.0,擅长：高血压优化治疗，高血压病因筛查，难治性高血压诊治,￥40,未开通
谭晓风,副主任医师,传染科,联勤保障部队第904医院（无锡市太湖医院）,10.0,擅长：中西医结合治疗肝病，常规传染病的防治，对部分妇科...,￥40,￥52
张立辉,副主任医师,消化内科,日照市中医医院,10.0,擅长：消化内科常见病消化性溃疡，消化道出血，急性胰腺炎...,￥20,￥200
吴道香,主治医师,血液科门诊,北京大学首钢医院,10.0,擅长：各种血液病诊断和治疗，尤其是急性白血病，多发性骨...,￥20,￥30
杨军,副主任医师,神经内科,中国医科大学附属第一医院,10.0,擅长：急性脑血管病诊断治疗,￥50,￥50
井丽萍,副主任医师,血液内科,中国医学科学院血液病医院（血液学研究所）,9.9,擅长：红细胞疾病、出凝血疾病的临床诊疗，尤其是再生障碍...,￥150,￥300
胡嘉禄,主治医师,心内科,复旦大学附属中山医院,9.6,擅长：擅长各类心血管疾病（高血压、冠心病、高血脂、房颤...,￥98,未开通
沈捷,主任医师,心血管专科,上海儿童医学中心,9.9,擅长：先天性心脏病的介入治疗以及心律失常、川崎病、肺动...,￥200,未开通
李渊,主任医师,消化科,北京大学第三医院,9.9,擅长：各种消化道疾病，尤其是早期胃癌、食管癌及癌前病变...,￥110,暂无排班
代世摩,主治医师,心内科,复旦大学附属中山医院,10.0,擅长：心房颤动，室上性心动过速，室性早搏，室性心动过速...,￥100,未开通
李瑛,主治医师,呼吸内科(内科新冠门诊),中南大学湘雅医院,9.9,擅长：慢性支气管炎，肺气肿，慢阻肺、哮喘、肺癌，肺结核...,￥169,￥300
郭保静,副主任医师,心内科,首都医科大学附属北京安贞医院,9.9,擅长：小儿心律失常诊治、射频消融；先天性心脏病的介入治...,￥30,暂无排班
李雯娜,副主任医师,心脏内科,中国医科大学附属第一医院,10.0,擅长：擅长冠心病(心绞痛、急性心肌梗死)，高血压(难治...,￥100,暂无排班
苌新明,主任医师,消化内科,西安交通大学第一附属医院,9.8,擅长：各种急、慢性胃炎、胃溃疡、十二指肠溃疡、幽门螺杆...,￥60,￥80
孔军,副主任医师,血液病研究所,北京大学人民医院,10.0,擅长：治疗造血干细胞移植并发症及急慢性白血病。同时对血...,￥500,￥300
陈凤欣,主任医师,感染科,北京地坛医院,10.0,擅长：各种类型肝炎（含乙肝、丙肝、甲肝、戊肝、脂肪肝等...,￥100,￥300
张文礼,副主任医师,内分泌科门诊,南京市第一医院,10.0,擅长：熟练掌握糖尿病的强化治疗、并发症的防治，尤其是外...,￥30,￥29
周琳,主任医师,消化内科(河医院区),郑州大学第一附属医院,10.0,擅长：1.消化系统疾病，尤其是胰腺疾病及胃肠胰神经内分...,￥80,暂无排班
尹延伟,副主任医师,神经内科门诊,空军特色医学中心,10.0,擅长：神经内科临床工作16年，擅长失眠症、植物神经功能...,￥79,￥199
薛娥,副主任医师,内科门诊,淮安市妇幼保健院,10.0,擅长：对内科常见病多发病的诊断和治疗，如：呼吸道感染、...,￥50,￥120
刘彤,主任医师,心内科,首都医科大学附属北京安贞医院,10.0,擅长：心力衰竭，心肌病，冠心病，高血压，心律失常。,￥500,￥1000
余希杰,主任医师,内分泌科,四川大学华西医院,10.0,擅长：骨质疏松骨痛、肿瘤相关骨病、甲状旁腺疾病及钙磷代...,￥150,￥300
蒋伏松,主任医师,内分泌代谢科,上海市第六人民医院东院(临港),10.0,擅长：糖尿病急性并发症、甲状腺功能亢进及甲状腺相关眼病...,￥100,￥200
贺春晖,主治医师,心内科,中国医学科学院阜外医院,9.9,擅长：冠心病，高血压，血脂代谢异常，心律失常的诊治,￥200,￥500
李怀平,副主任医师,肾病内科,西京医院,10.0,擅长：肾小球疾病、狼疮性肾炎、间质小管性疾病、难治性肾...,￥200,￥500
彭再梅,主任医师,呼吸内科门诊,中南大学湘雅二医院,9.9,擅长：肺部结节、肺炎、肺肿瘤、支气管哮喘及慢性阻塞性肺...,￥168,￥400
邹长虹,主治医师,心内科,中国医学科学院阜外医院,10.0,擅长：不同病因和不同类型心力衰竭和心肌病的诊断和治疗，...,￥100,未开通
周绪杰,副主任医师,肾内科,北京大学第一医院,10.0,擅长：IgA肾病遗传性肾脏病肾小球肾炎,￥200,未开通
尹路,主任医师,血液内科门诊,上海市第十人民医院,9.9,擅长：处理腹部外科疑难病症和肠瘘；胃肠道肿瘤微创治疗；...,￥60,暂无排班
袁贤奇,主任医师,心内科,中国医学科学院阜外医院,10.0,擅长：冠心病、高血压、高脂血症、心肌病、心力衰竭、心律...,￥300,暂无排班
许戎,主任医师,肾内科,北京大学第一医院,10.0,擅长：各种急性和慢性肾炎，急性和慢性肾衰竭，尿毒症，血...,￥250,￥300
徐潮,主任医师,内分泌科,山东省立医院,10.0,擅长：遗传代谢性疾病，疑难罕见病，糖尿病，甲状腺疾病，...,￥50,￥200
张磊,副主任医师,心内科,复旦大学附属中山医院,10.0,擅长：常见心血管疾病诊疗，尤其是心脏起搏器手术治疗。,￥150,暂无排班
孔朝红,副主任医师,神经内科,武汉大学人民医院,10.0,擅长：癫痫，睡眠障碍，神经心理，脑血管病。擅长神经电生...,￥39,￥99
华冰珠,主任医师,风湿免疫科,南京鼓楼医院,9.9,擅长：类风湿性关节炎、强直性脊柱炎、干燥综合征、系统性...,￥100,暂无排班
宫萍,副主任医师,老年病内科,北京大学第三医院,9.8,擅长：1.老年神经系统疾病的治疗与康复：认知康复、脑血...,￥30,￥200
段俊,主治医师,内科,四川省医学科学院·四川省人民医院,10.0,擅长：心脑血管疾病如冠心病、高血压、心衰，呼吸系统疾病...,￥30,暂无排班
曹海学,副主任医师,心血管内科门诊,安徽医科大学第一附属医院高新院区,9.9,擅长：从事心内科专业医、教、研20余年，对心內科常见疾...,￥30,￥80
刘义,主治医师,感染疾病科,安徽医科大学附属巢湖医院,10.0,擅长：感染性发热，慢乙肝，肝硬化，肺结核，艾滋病，肝功...,￥20,￥59
刘伟,副主任医师,消化内科,蚌埠市第三人民医院,10.0,擅长：肝硬化伴食管胃底静脉曲张破裂出血，食管炎，胃炎，...,￥20,暂无排班
李学彦,主任医师,消化内科,北部战区总医院,10.0,擅长：熟练掌握胃肠镜检查，老年消化性疾病及消化道肿瘤的...,￥40,未开通
张煜,主任医师,心血管科,复旦大学附属华东医院,9.9,擅长：冠心病、高血压病、各种心律失常、心功能不全、瓣膜...,￥50,￥200
孙歆炜,主治医师,内科,山东省第二人民医院（山东省耳鼻喉医院）,9.9,擅长：内科相关疾病,￥30,￥60
段明辉,主任医师,血液内科,北京协和医院,10.0,擅长：白血病慢性淋巴细胞白血病，淋巴瘤贫血干细胞...,未开通,暂无排班
黄安斌,主任医师,风湿科,华中科技大学同济医学院附属协和医院,9.8,擅长：风湿性疾病、风湿性关节炎、自身免疫性疾病、系统性...,￥100,￥600
张静,主任医师,血液内科,中国医学科学院血液病医院（血液学研究所）,9.9,擅长：多年从事关于再生障碍性、溶血性贫血、骨髓增生异常...,￥100,￥200
邵英起,主任医师,血液内科,中国医学科学院血液病医院（血液学研究所）,10.0,擅长：长期从事贫血性疾病诊疗工作，对伴有贫血的各种血液...,￥300,￥300
施均,主任医师,血液内科,中国医学科学院血液病医院（血液学研究所）,9.9,擅长：主要研究再生障碍性贫血、骨髓增生异常综合征诊断与...,￥300,￥500
李红,主治医师,消化内科,西京医院,9.8,擅长：消化不良，反酸，打嗝，烧心，病毒性肝炎，乙肝，丙...,￥60,未开通
施育鹏,主治医师,消化内科,西京医院,9.6,擅长：长期从事消化系统疾病诊治的临床工作，主要方向是胃...,￥58,￥60
苏冠华,副主任医师,心血管内科,华中科技大学同济医学院附属协和医院,9.9,擅长：冠心病、高血压、心肌病、心力衰竭、血脂异常、心律...,￥50,未开通
朱争凤,副主任医师,心血管内科,华中科技大学同济医学院附属协和医院,9.9,擅长：心血管内科常见疾病诊断与治疗。,￥50,￥100
谭来勋,主任医师,神经内科,武汉大学人民医院,10.0,擅长：诊治各种神经系统疑难病症；主治各种原因所致失眠，...,￥120,￥300
张敏敏,主任医师,肾内科,复旦大学附属华山医院,9.8,擅长：各类急慢性肾病，糖尿病肾病，慢性肾功能衰竭及尿毒...,￥158,未开通
许莉军,副主任医师,内分泌与代谢病科门诊,郑州大学第一附属医院,10.0,擅长：糖尿病及其急慢性并发症（糖尿病肾病、糖尿病周围神...,￥50,未开通
李东杰,副主任医师,老年医学科,中南大学湘雅医院,10.0,擅长：前列腺疾病，阳痿早泄，更年期综合征，不育,￥376,￥600
裴颖皓,主治医师,普内科(高级50）,江苏省中医院,10.0,擅长：新冠后遗症，失眠，疲劳，乏力，慢性咳嗽等中医药调...,￥49,￥100
高莎莎,副主任医师,神经内科(河医院区),郑州大学第一附属医院,10.0,擅长：擅长白内障，青光眼，眼外伤的诊断和治疗，熟练...,￥30,未开通
付建芳,副主任医师,内分泌科,西京医院,10.0,擅长：糖尿病及其并发症。内分泌高血压甲状腺疾病痛风生长...,￥100,未开通
王苓,副主任医师,门诊血液,上海交通大学医学院附属瑞金医院,9.9,擅长：造血干细胞移植，各种常见血液疾病,￥100,未开通
刘凤芹,副主任医师,内科,南方医科大学南方医院,10.0,擅长：糖尿病、高血压血脂异常、高尿酸血症、骨质疏松症、...,￥50,暂无排班
安立新,主任医师,过敏反应诊室,哈尔滨医科大学附属第一医院,10.0,擅长：运用变态反应学、耳鼻咽喉学科和皮肤科临床诊断技术...,￥100,未开通
张纯,主任医师,血液科专家,华中科技大学同济医学院附属协和医院,9.2,擅长：造血系统恶性疾病、贫血,￥20,未开通
田锐,主任医师,心内科,首都医科大学附属北京安贞医院,,擅长：心律失常、冠心病、介入治疗。,￥200,暂无排班
任学军,主任医师,心内科,首都医科大学附属北京安贞医院,,擅长：心脏起搏与电生理射频消融治疗，心律失常的诊断与治...,￥200,未开通
韩冰,主任医师,血液内科,北京协和医院,9.7,擅长：各种血液系统恶性肿瘤、特别是贫血，血小板减少、骨...,￥300,￥1000
周朝晖,主任医师,消化科,复旦大学附属中山医院,9.9,"擅长：1、各种类型的肝病的诊治,包括急,慢性肝炎,脂肪...",￥300,￥500
陈勇,主任医师,消化内科,福建省立医院,10.0,擅长：对消化系常见病和多发病如慢性胃炎、幽门螺杆菌感染...,￥50,￥100
梁少兰,副主任医师,心血管内二科,广东省第二人民医院,10.0,擅长：心律失常的诊治，尤其心房颤动、心力衰竭的诊治。心...,￥50,暂无排班
程鹏,主任医师,消化内科(河医院区),郑州大学第一附属医院,,擅长：擅长消化系统疾病诊治，特别对各种...,￥50,未开通
崔燕平,副主任医师,感染科,聊城市人民医院,10.0,擅长：各类病毒性、酒精性、药物性等肝炎、肝硬化、肝癌。...,￥20,暂无排班
桑迎竹,主治医师,呼吸科,甘肃省人民医院,10.0,擅长：比较擅长呼吸科常见病、多发病、疑难杂症等病的诊断...,￥30,未开通
李明,副主任医师,消化内科,武汉大学人民医院,10.0,擅长：功能性胃肠病、消化性溃疡、腹水、消化系统肿瘤、肝...,￥30,￥100
刘宜平,主治医师,内科,宜昌优抚医院,10.0,擅长：常见内科相关疾病,￥10,￥20
朱慧敏,主治医师,肾内科,天津市第五中心医院,,擅长：肾内科相关疾病,￥20,￥100
张松菁,主任医师,内分泌科,福建医科大学附属第一医院,10.0,擅长：骨质疏松症、糖尿病、甲状腺疾病、生长发育等内分泌...,￥50,未开通
胡晓蔚,副主任医师,心内科,黄山市人民医院,,擅长：简介胡晓蔚，男，1981年生2006年毕业于安徽...,￥50,￥300
都海燕,副主任医师,消化内科,晋城煤业集团总医院,,擅长：消化内科方面的常见疾病。,￥40,暂无排班
李建飞,副主任医师,心血管内科,内蒙古自治区人民医院,,擅长：心血管内科的相关疾病,￥160,未开通
李善群,主任医师,呼吸内科,复旦大学附属中山医院,9.3,擅长：1、慢阻肺康复及鼾症的诊治；2、气管支气管炎、肺...,￥350,￥800
曹文杰,副主任医师,神经内科,复旦大学附属华山医院,9.9,擅长：主要擅长脑中风的诊断与治疗，脑血管病介入治疗，颈...,￥288,暂无排班
刘凌波,主任医师,血液科专家,华中科技大学同济医学院附属协和医院,9.6,擅长：髓系血液细胞生成与发育异常性疾病的诊治：（1）髓...,￥60,暂无排班
齐军元,主任医师,血液内科,中国医学科学院血液病医院（血液学研究所）,9.8,擅长：疾病的诊断和鉴别诊断：淋巴瘤、骨髓瘤、各种白血病...,￥800,￥800
刘向阳,副主任医师,内分泌科,西京医院,10.0,擅长：糖尿病、肥胖症、痛风、高尿酸血症及相关并发症的诊...,￥300,￥300
阎嶂松,副主任医师,血液内科,中国医学科学院血液病医院（血液学研究所）,10.0,擅长：从事血液系统疾病的临床诊断和治疗、造血干细胞移植...,￥100,￥200
马剑英,主任医师,心内科,复旦大学附属中山医院,9.0,擅长：冠心病介入治疗复杂冠心病介入治疗冠脉闭塞病变介入...,￥300,未开通
毛日成,副主任医师,感染发热,复旦大学附属华山医院,9.9,擅长：感染发热的相关疾病,￥150,￥150
王彦丽,副主任医师,肝炎门诊,中国医科大学附属第一医院,10.0,擅长：各种肝病，包括病毒性肝炎，肝硬化，重症肝病及各种...,￥69,未开通
王淑艳,主任医师,内分泌科门诊,烟台毓璜顶医院,10.0,擅长：主攻糖尿病、肥胖症、继发性高血压、垂体疾病、骨质...,￥60,￥269
马东霞,主治医师,过敏反应科,华中科技大学同济医学院附属同济医院,10.0,擅长：过敏性哮喘，过敏性鼻炎，过敏性咳嗽，鸡蛋牛奶等食...,￥30,未开通
赵连江,主任医师,内科,潍坊市第二人民医院,10.0,擅长：中西医结合治疗肺部疾病及心脑血管疾病，尤其擅长肺...,￥5,￥50
陈义林,主任医师,心血管科,六安市人民医院,,擅长：心律失常、高血压、冠心病、心衰,￥30,暂无排班
张鹏,主任医师,肾病内科,西京医院,10.0,擅长：IgA肾病、肾病综合征、膜性肾病、紫癜性肾炎、...,￥200,暂无排班
杨友,副主任医师,行为障碍,上海儿童医学中心,9.9,擅长：儿童孤独症谱系障碍、注意缺陷多动障碍、抽动障碍、...,￥280,￥480
刘兵城,主任医师,血液内科,中国医学科学院血液病医院（血液学研究所）,9.9,擅长：血液病的诊治，包括血液恶性疾病、骨髓增殖性肿瘤、...,￥200,￥500
张勇,副主任医师,呼吸内科,复旦大学附属中山医院,9.9,擅长：肺部磨玻璃结节风险预测、疑难肺结节的鉴别诊断、肺...,￥300,￥1000
俞小芳,主任医师,肾病科,复旦大学附属中山医院,9.9,擅长：血尿，蛋白尿，慢性肾小球肾炎，尤其是模性肾病，遗...,￥250,￥1000
吴秋玲,主任医师,血液科专家,华中科技大学同济医学院附属协和医院,9.8,擅长：白血病、淋巴瘤、多发性骨髓瘤、贫血、白细胞减少,￥50,￥100
程姝娟,主任医师,心内科,首都医科大学附属北京安贞医院,10.0,擅长：冠心病，血管闭塞，心肌梗死、动脉粥样硬化、心律失...,￥500,￥500
杨勇,副主任医师,心脏内科,西京医院,9.7,擅长：先天性心脏病风湿性心脏病冠状动脉粥样硬化性心...,￥50,￥200
雷丰丰,主任医师,呼吸科,甘肃省人民医院,10.0,擅长：肺结节，磨玻璃结节，亚实性结节，肺部感染，新型冠...,￥40,￥50
程敏,副主任医师,心血管内科,华中科技大学同济医学院附属协和医院,10.0,擅长：特殊时期：愿意为新老病友免费提供发热疾病的初步诊...,￥59,未开通
任昊,主任医师,肾病中心,南方医科大学南方医院,10.0,擅长：各类风湿性疾病的诊治(包括系统性红斑狼疮、类风湿...,￥80,未开通
赵刚,副主任医师,心内科,复旦大学附属中山医院,10.0,擅长：冠心病的介入治疗，善于应用IVUS、FFR、OC...,未开通,未开通
杨光,主任医师,肾科门诊,江苏省人民医院,9.9,擅长：各种肾炎、肾病和肾功能不全肾衰竭的诊治，尤其疑难...,￥200,￥2000
龚建,住院医师,消化内科门诊,中南大学湘雅二医院,9.9,擅长：本人在湘雅二医院从事消化内科工作，擅长胃炎，肠炎...,￥50,￥40
张炯,副主任医师,风湿免疫科,复旦大学附属华山医院,9.7,擅长：皮肌炎（尤其是皮疹及并发症的控制）、红斑狼疮（包...,￥300,￥300
于世龙,主任医师,心血管内科,华中科技大学同济医学院附属协和医院,9.9,擅长：冠心病、高血压、心律失常、血脂异常、胸痛、心悸,￥100,￥100
黄伟,主任医师,血液内科,华中科技大学同济医学院附属同济医院,9.9,擅长：白血病，淋巴瘤，骨髓瘤，骨髓增生异常综合症,￥60,￥150
杨晓,主任医师,肾内科,华中科技大学同济医学院附属协和医院,9.9,擅长：肾脏病、原发性肾小球疾病、继发性肾小球疾病、狼疮...,￥80,未开通
宿燕岗,主任医师,心内科高级专家门诊,复旦大学附属中山医院,9.4,擅长：心力衰竭、心脏起搏诊治,￥300,未开通
卢新政,主任医师,二院心血管科门诊,江苏省人民医院,10.0,擅长：各类心脏病的诊治，尤其是高血压病、冠心病、高血脂...,￥200,￥300
褚章波,副主任医师,血液科专家,华中科技大学同济医学院附属协和医院,10.0,擅长：白血病、淋巴瘤、骨髓瘤等血液系统恶性肿瘤和其它血...,￥200,￥500
金嘉琳,主任医师,感染发热,复旦大学附属华山医院,8.9,擅长：发热待查、中枢神经系统感染、败血症及感染性心内膜...,￥240,未开通
孙秀娟,副主任医师,血液内科,中国医学科学院血液病医院（血液学研究所）,10.0,擅长：血液学研究再生障得性贫血，缺铁性贫血，骨增生异常...,￥100,￥200
权薇薇,副主任医师,门诊心脏,上海交通大学医学院附属瑞金医院,10.0,擅长：冠心病、高血压病、心律失常、心力衰竭、心肌病、高...,￥400,未开通
胡耐博,副主任医师,血液内科,中国医学科学院血液病医院（血液学研究所）,10.0,擅长：白血病，再生障碍性贫血，骨髓增生异常综合征等疾病...,￥100,￥200
高波涛,副主任医师,先天性心脏瓣膜疾病,上海儿童医学中心,10.0,擅长：各类小儿先天性心脏病的外科治疗。包括简单先心病如...,￥80,￥120
王启贤,主任医师,心脏内科,昆明医科大学第一附属医院,10.0,擅长：心血管病临床及冠心病及先天性心脏病介入诊治，高血...,￥150,￥300
李正良,主任医师,消化内科,西安交通大学第一附属医院,9.9,擅长：消化内科疾病与感染性疾病的诊断与治疗;特别是对各...,￥15,￥50
李建平,副主任医师,血液内科,中国医学科学院血液病医院（血液学研究所）,9.9,擅长：各种类型贫血，再生障碍性贫血，溶血性贫血，纯红细...,￥80,￥200
郑汝桦,副主任医师,消化内科,南京鼓楼医院,10.0,擅长：胃肠镜操作，胃肠道疾病内镜下治疗，胆道系统疾病（...,￥25,￥30
高路,副主任医师,心血管内科(河医院区),郑州大学第一附属医院,10.0,擅长：郑州大学第一附属医院心血管内科(河医院区)副主任...,￥30,未开通
孙达龙,副主任医师,消化科,复旦大学附属中山医院,9.9,擅长：擅长消化系统相关疾病的规范化诊疗，尤其是各种病因...,￥100,￥200
俞晶,主任医师,消化内科,汕头大学医学院第一附属医院,10.0,擅长：炎症性肠病（溃疡性结肠炎，克罗恩病），食道、胃肠...,￥50,￥199
单敏,主治医师,神经内科,泰安市中心医院,10.0,擅长：脑血管病、脑梗死、脑血栓形成、脑出血、蛛网膜下腔...,￥0,￥50
张琴,主任医师,内科,山东省立第三医院,10.0,擅长：急、慢性肾炎；肾病综合征(膜性肾病、IgA肾病等...,￥50,￥50
赵英帅,主治医师,内科,河南省人民医院,10.0,擅长：体检报告解读、幽门螺旋杆菌感染、高血压、高血脂、...,￥49,￥80
马希英,副主任医师,普内科,广东省人民医院,10.0,擅长：1、糖尿病、甲状腺机能亢进、痛风、高血脂及慢性...,￥40,暂无排班
杨德生,主任医师,消化内科,河南省人民医院,9.9,擅长：消化内科常见病，多发病及危急重症疾病的诊治，擅长...,￥20,￥50
王君化,副主任医师,消化内科,西安市人民医院（西安市第四医院）,10.0,擅长：消化系统肿瘤，胃溃疡，反流性疾病，各种肝病、胰腺...,￥20,￥60
陈令松,主任医师,血液科,徐州矿务集团总医院,10.0,擅长：对白血病、淋巴瘤及多发性骨髓瘤等血液肿瘤的规范化...,￥30,￥50
严绍南,副主任医师,呼吸科,浙江省立同德医院,10.0,擅长：肺部感染性疾病，肺结节的鉴别诊断，慢性阻塞性肺疾...,￥39,暂无排班
陈彤,副主任医师,血液肿瘤科,天津医科大学总医院,10.0,擅长：内科系统常见疾病，尤其是血液系统肿瘤的诊疗,￥30,未开通
关婧,副主任医师,心血管内科,丽水微医互联网医院,10.0,擅长：心血管内科常见疾病的诊治，如冠心病、高血压的药物...,￥100,暂无排班
蒋丽敏,主任医师,内分泌科,北部战区总医院,10.0,擅长：内分泌性疾病：糖尿病、甲状腺疾病、痛风、代谢综合...,￥90,未开通
刘盼,主治医师,心血管内一科,威海市妇幼保健院,10.0,擅长：内科常见病、多发病如冠心病、高血压、糖尿病、...,￥15,￥80
程琤,主治医师,内科,山东省立第三医院,10.0,擅长：内科常见病的诊疗，尤其消化系统常见病，食管、胃肠...,￥100,￥100
曾芳芳,主治医师,内分泌科,复旦大学附属华山医院,10.0,擅长：甲状腺疾病(甲减、甲亢、甲状腺结节、甲状腺炎等)...,￥50,暂无排班
梁彦,副主任医师,内科,天津和平微医医院,10.0,擅长：治疗肺癌的化疗及治疗,￥100,未开通
辛海光,副主任医师,门诊感染病,上海交通大学医学院附属瑞金医院,10.0,擅长：肝硬化肝衰竭诊治、肝脏肿瘤诊断评估及综合治疗,￥80,未开通
孙虹,副主任医师,神经内科,首都医科大学宣武医院,9.8,擅长：帕金森病、青年帕金森病、各种帕金森综合征（包括进...,￥200,￥500
樊慧慧,主治医师,贫血科,中国医学科学院血液病医院（血液学研究所）,10.0,擅长：再生障碍性贫血，溶血性贫血，骨髓增生异常综合征等...,未开通,￥100
陆宁,副主任医师,内科,天津和平微医医院,9.8,擅长：乳腺癌、肺癌、卵巢癌等多种实体肿瘤化疗、内分泌治...,￥100,￥100
赖凌云,副主任医师,肾内科,复旦大学附属华山医院,9.7,擅长：20年原发和继发性肾病的诊断和治疗经验，擅长Ig...,￥100,未开通
刘宏磊,副主任医师,门诊风湿免疫,上海交通大学医学院附属瑞金医院,10.0,擅长：抗磷脂综合症(相关习惯性流产、胎停及多发血栓)...,￥149,￥189
高玉霞,主任医师,心脏内科,天津医科大学总医院,10.0,擅长：疑难心血管疾病的诊疗，尤其是高血压、心力衰竭、冠...,￥50,￥90
王亮,副主任医师,心血管内科门诊,江苏省人民医院,10.0,擅长：冠心病、高血压、高脂血症、心力衰竭、心律失常药物...,￥20,暂无排班
杨爽,主任医师,心血管内科,河北省人民医院,10.0,擅长：老年病的诊治，如冠心病、高血压、心律失常、心力衰...,￥50,￥50
张佳瑜,主治医师,消化科,上海儿童医学中心,10.0,擅长：小儿消化常见疾病的诊治，包括胃肠炎、消化不良、消...,￥58,未开通
苏琳,副主任医师,消化内科,北京大学人民医院,10.0,擅长：1、非病毒性肝病，包括自身免疫性肝病，脂肪肝等诊...,￥90,暂无排班
石敏,主治医师,内分泌科,西京医院,10.0,擅长：糖尿病，甲状腺疾病，高尿酸血症及痛风等内分泌代谢...,￥60,未开通
杨苏乔,副主任医师,呼吸与危重症医学科,首都医科大学附属北京朝阳医院,10.0,擅长：甲流，新型冠状病毒肺炎，肺栓塞，肺动脉高压，慢阻...,￥200,￥400
陈希婧,副主任医师,生殖高年专家,浙江大学医学院附属妇产科医院,10.0,"擅长：女性不孕症、妇科内分泌疾病诊治及辅助生育,熟练掌...",￥50,未开通
何飞,主任医师,呼吸内科,杭州市红十字会医院,10.0,擅长：1.慢性呼吸道疾病诊治，如慢性咳嗽、哮喘、慢阻肺...,￥30,￥100
陈芬荣,副主任医师,消化内科,西安交通大学第二附属医院,10.0,擅长：食管、胃、肠及肝胆胰等消化疾病的诊断治疗，熟练掌...,￥39,￥50
李同斌,主治医师,心脏内科,西京医院,9.9,擅长：先天性心脏病的诊断及介入封堵治疗，肺动脉高压的诊...,￥20,未开通
吴双,住院医师,心内科,中国医学科学院阜外医院,10.0,擅长：常见心内科相关疾病诊治,￥30,￥120
张有志,副主任医师,呼吸科,复旦大学附属华山医院,10.0,擅长：慢性咳嗽的诊断和治疗；肺部结节的良恶性鉴别；肺癌...,￥200,暂无排班
张丽,主治医师,内科,山东省立第三医院,10.0,擅长：甲状腺疾病，糖尿病，高尿酸血症(痛风)，高脂血症...,￥30,￥100
徐庆年,主任医师,感染科,上海市公共卫生临床中心金山总部,10.0,擅长：新型冠状病毒感染，慢性病毒性肝炎（乙型，丙型），...,￥159,￥200
蒋叔星,副主任医师,心血管内科,三明市第一医院,10.0,擅长：高血压、高脂血症、冠心病、心律失常、糖尿病、高尿...,￥50,￥48
姜林宏,主治医师,感染科,江苏省人民医院,10.0,擅长：艾滋，新冠状病毒感染，梅毒，恐艾，肝炎，水痘，狂...,￥26,￥30
高杰,副主任医师,感染病科,哈尔滨医科大学附属第二医院,10.0,擅长：慢性乙肝、丙肝、肝硬化腹水、肝癌、感染性发热、败...,￥50,未开通
赖朝辉,副主任医师,心内科,天津市第三中心医院,10.0,擅长：心内科相关疾病，如冠心病、心肌病、心力衰竭、高血...,￥50,￥100
薛守斌,副主任医师,呼吸科,兰州市第一人民医院,10.0,擅长：慢性阻塞性肺疾病、支气管哮喘、肺部感染性疾病、支...,￥30,￥60
申建凯,主任医师,血液内科门诊,中南大学湘雅二医院,9.9,擅长：疑难血液病诊断及淋巴细胞肿瘤为主的恶性血液病,￥150,未开通
朱春平,主治医师,消化内科,上海长海医院,9.9,擅长：慢性胃炎，消化性溃疡，反流性食管炎，消化道出血，...,￥168,￥500
王达俭,副主任医师,呼吸内科门诊,景德镇市第一人民医院,10.0,擅长：肺部肿瘤的诊断、化疗、介入及靶向治疗，对于慢性阻...,￥5,￥25
郝媛媛,主治医师,内科,天津和平微医医院,10.0,擅长：全科常见病多发病的诊断及治疗。擅长心脑血管疾病的...,￥15,￥200
刘丽丽,主治医师,神经内科,甘肃省第二人民医院,10.0,擅长：三叉神经、面神经炎、偏头痛、带状疱疹后遗神经痛、...,￥30,￥50
魏兵,副主任医师,消化内科,桂林医学院附属医院,10.0,擅长：消化内科常见病多发病诊治。全科医学相关疾病以及旅...,￥68,￥198
刘先锋,主治医师,内六科,泰达国际心血管病医院,10.0,擅长：心脏病、呼吸疾病、消化疾病、代谢疾病以及常见传染...,￥20,暂无排班
王凯,副主任医师,心内科,鸡西市中医医院,10.0,擅长：擅长冠状病毒感染冠状病毒肺炎心血管内科常见疾...,￥20,￥88
李健洪,主任医师,心内科,清远市人民医院,10.0,擅长：在冠心病、高血压、心力衰竭、高血脂等心血管常见病...,￥38,￥88
蔡珍华,副主任医师,消化科,中国人民解放军第95医院,10.0,擅长：慢性胃炎，胃食管反流，胃肠功能紊乱，肝炎，胃幽门...,￥30,￥40
金丽娟,主任医师,心内科（心律失常）,哈尔滨医科大学附属第二医院,10.0,擅长：心内科各疾病的诊断、治疗和防预，冠心病、高血压病...,￥100,未开通
李博,主治医师,呼吸内科,甘肃省武威肿瘤医院,10.0,擅长：感冒、发烧、气管炎、哮喘、结核、肺炎、肺栓塞、支...,￥20,￥50
赵汝星,副主任医师,内分泌科,山东大学齐鲁医院,10.0,擅长：内分泌与代谢性疾病,￥129,暂无排班
王惠芳,主任医师,呼吸内科,西安医学院第二附属医院,10.0,擅长：呼吸消化内科常见病及疑难病，尤其各型呼吸衰竭、重...,￥50,暂无排班
王萍,副主任医师,风湿免疫科,大连市友谊医院,10.0,擅长：痛风性关节炎、类风湿性关节炎、红斑狼疮、骨质增生...,￥20,￥30
李福刚,副主任医师,神经内科,天津市静海区医院,10.0,擅长：脑血管病（脑出血、脑梗死、静脉窦血栓形成、蛛网膜...,￥30,￥129
王俊,副主任医师,心内科(专家),上海交通大学附属第一人民医院松江南院,10.0,擅长：冠心病、高血压、代谢综合症、心力衰竭、心律失常等...,￥59,￥100
李成支,主治医师,呼吸内科,西安市红会医院,10.0,擅长：呼吸内科相关常见疾病(普通感冒，流感，肺部感染，...,￥25,￥39
何军衡,主治医师,消化内科,甘肃省第二人民医院,10.0,擅长：消化系统疾病，特别是消化道疑难危重的抢救消化道...,￥20,￥50
盛杰,主治医师,老年医学科,中南大学湘雅医院,10.0,擅长：房颤、心衰、扩张性心肌病、心肌炎、高脂血症、冠心...,￥50,未开通
李贲,副主任医师,肝病中心,北京地坛医院,10.0,擅长：新型冠状病毒感染，乙肝、丙肝抗病毒治疗，乙肝母婴...,￥45,未开通
李孝锋,主治医师,传染科,唐都医院,10.0,擅长：病毒性肝炎、肝炎肝硬化、自身免疫性肝病、非酒精性...,￥30,暂无排班
郭艳茹,主治医师,内科,辽宁医学院附属第三医院,10.0,擅长：常见内科相关疾病,￥20,￥49
贺慧鹏,副主任医师,消化内科,中南大学湘雅医学院附属株洲医院,10.0,擅长：对消化内科疾病和内镜下疾病的诊治方面有特长。慢性...,￥50,￥80
温顺祝,主治医师,血液内科,成都市第一人民医院,10.0,擅长：内科常见疾病，如感冒，高血压，糖尿病等，血液内科...,￥20,暂无排班
吴海武,主任医师,消化内科,赣州市人民医院,10.0,擅长：对消化内科专业的疾病的治疗，尤其是老年性消化性疾...,￥15,￥888
董增胜,主治医师,内科,日照市中医医院,10.0,擅长：内科类常见疾病，中医内科妇科男科疾病，如冠心病，...,￥20,暂无排班
陈伟贤,主任医师,神经内科门诊,江苏省人民医院,9.9,擅长：脑血管病，神经系统变性病，神经系统感染性疾病及周...,￥200,￥200
刘波,主任医师,消化肿瘤内科,山东省肿瘤医院,10.0,擅长：常见肿瘤的化疗、靶向治疗、内分泌治疗、姑息治疗等...,￥20,￥30
程斌,主任医师,消化内科,华中科技大学同济医学院附属同济医院,9.8,擅长：各种肝病（脂肪肝、肝硬化与肝癌）、胰腺疾病与功能...,￥100,暂无排班
李博杰,副主任医师,消化内科,辽宁省朝阳市中心医院,10.0,擅长：消化内科，呼吸科，妇科，小儿肠道疾病，小儿肺炎等...,￥30,￥80
李正国,主任医师,呼吸内科,甘肃省武威肿瘤医院,10.0,擅长：呼吸系统疾病、肺癌的规范化治疗、慢性阻塞性肺疾病...,￥58,￥120
耿涛,副主任医师,心血管内科,沧州市中心医院,10.0,擅长：治疗心内科疾病，如：心肌炎，心肌缺血，心绞痛，心...,￥50,￥150
黄武,副主任医师,老年内科门诊,中南大学湘雅二医院,,擅长：主要从事老年内分泌疾病临床，在多年的工作中积累了...,￥30,未开通
乐湘华,主治医师,消化内科,中国人民解放军第928医院,9.9,擅长：熟悉消化道常见疾病如胃炎、肝炎，乙肝，十二指肠炎...,￥30,暂无排班
韩春艳,主治医师,综合内科,郑州人民医院,10.0,擅长：内科常见病的诊治。发热、咳嗽、贫血、血小板减少、...,￥20,￥30
郭玉强,副主任医师,肾内科,聊城市第二人民医院,10.0,擅长：肾病综合征，肾炎综合征，血尿，蛋白尿，高血压，糖...,￥30,￥58
马安林,主任医师,感染科门诊,中日友好医院,9.8,擅长：对自身免疫性肝病（包括自身免疫性肝炎，自身免疫性...,￥300,未开通
陈立颖,主任医师,心内科,首都医科大学附属北京安贞医院,10.0,擅长：冠心病、高血压临床治疗；心血管重症疾病的临床诊断...,￥200,暂无排班
刘志杰,主任医师,普内科,山东青岛中西医结合医院,10.0,擅长：中西医结合验方治疗带状疱疹后神经痛，亚健康状态（...,￥50,未开通
叶蕾,副主任医师,血液内科,中国医学科学院血液病医院（血液学研究所）,10.0,擅长：血液系统疾病诊治，尤其是红细胞疾病：再生障碍性贫...,￥50,￥200
白玉焕,副主任医师,消化内科,聊城市第二人民医院,10.0,擅长：消化内科常见疾病及疑难杂症的诊断及治疗，肝病及肠...,￥30,￥50
窦爱霞,主任医师,血液内科,山东大学第二医院,10.0,擅长：白血病、淋巴瘤、骨髓瘤等血液肿瘤的诊断与治疗，针...,￥30,暂无排班
卢联合,主任医师,感染科,北京地坛医院,10.0,擅长：各种肝病，艾滋病，感染性疾病。,￥125,未开通
汤美,副主任医师,消化内科,常州市第一人民医院,10.0,擅长：常见消化内科疾病：如慢性胃炎、反流性食管炎、消化...,￥30,￥40
郭公新,主任医师,消化科,解放军总医院第五医学中心（原307医院）,10.0,擅长：消化内镜下的诊断和治疗、如內镜下止血、息肉的切除...,￥100,￥200
任丽媛,副主任医师,内分泌科,大连市友谊医院,10.0,擅长：糖尿病饮食运动指导、糖尿病血糖精细调节、胰岛素泵...,￥25,￥50
刘春生,主任医师,内科,石家庄市人民医院,10.0,擅长：从医30余年，擅长心血管疾病如冠心病，心绞痛，心...,￥50,￥100
徐鹤翔,副主任医师,感染性疾病门诊,合肥市第一人民医院,10.0,擅长：各种细菌、病毒、真菌、寄生虫等感染性疾病及传染病...,￥25,暂无排班
霍亚平,主任医师,肾病科,山西省中医院,10.0,擅长：治疗泌尿系炎症、过敏性紫癜性肾炎、IgA肾病、肾...,￥30,￥50
张强,主治医师,内科,山东省立第三医院,10.0,擅长：擅长临床常见疾病的诊断和治疗，比如消化系统，呼吸...,￥50,￥60
邵暄茗,主治医师,呼吸内科,大连市中西医结合医院,10.0,"擅长：呼吸内科疾病的诊治,尤其是慢阻肺、哮喘、肺癌",￥30,暂无排班
段淑荣,主任医师,神经内科诊室,哈尔滨医科大学附属第一医院,10.0,擅长：脑血管疾病（脑出血、肺梗塞、血管性痴呆、静脉窦血...,￥50,未开通
邹美银,主任医师,AIDS防治咨询,南通市第三人民医院,10.0,擅长：艾滋病急慢性肝炎水痘。结核等各类急慢性传染性...,￥30,￥50
吴李飞,主治医师,消化内科,安庆市立医院,10.0,擅长：消化内科相关疾病诊疗，如消化性溃疡，胃食管反流，...,￥25,￥50
沙莎,副主任医师,神经内科,中国医科大学附属第一医院,10.0,擅长：常见老年疾病包括老年病痴呆，脑出血，脑血栓，头痛...,￥99,￥200
冯一洲,医师,心脏内科,四川大学华西医院,10.0,擅长：常见病多发病的诊治及各种血液学检查报告的解读。,￥20,￥200
郭涛,主任医师,血液科专家,华中科技大学同济医学院附属协和医院,10.0,擅长：噬血细胞综合征，白血病，淋巴瘤，骨髓瘤；擅长血小...,￥100,未开通
沈珠军,主任医师,心内科,北京协和医院,10.0,擅长：冠心病介入治疗，高血压、高脂血症等心血管疾病诊治...,￥600,未开通
郑洋洋,主治医师,消化内科,西京医院,9.9,擅长：1.各种肝病包括病毒性肝炎、自身免疫性肝炎、肝癌...,￥60,未开通
盛滋科,主治医师,门诊感染病,上海交通大学医学院附属瑞金医院,10.0,擅长：发热，呼吸道感染，细菌感染，各种病毒性肝炎,￥70,未开通
范学工,主任医师,感染病科,中南大学湘雅医院,9.8,擅长：各类肝脏疾病，特别是病毒性肝炎的诊断与治疗。,￥600,未开通
陆福明,主任医师,肾内科,复旦大学附属华山医院,9.8,擅长：各种肾炎如IgA肾炎、膜性肾病、狼疮性肾炎治疗。...,￥298,￥498
郭涛,副主任医师,消化内科,北京协和医院,9.9,擅长：早期胃癌，幽门螺杆菌感染，胰腺疾病，结肠息肉，炎...,￥400,暂无排班
邓钰蕾,主任医师,门诊神内,上海交通大学医学院附属瑞金医院,9.9,擅长：癫痫等发作性疾病、老年性痴呆、头痛、睡眠障碍、脑...,￥300,￥800
龚凌云,副主任医师,神经内科,复旦大学附属华山医院,10.0,擅长：周围神经病、神经痛、运动神经元病、脊髓病变、脑血...,￥198,未开通
匡鼎伟,副主任医师,肾病科,复旦大学附属华山医院,9.9,擅长：各类慢性肾小球肾炎、各种类型肾病综合征、IgA肾...,￥158,￥368
李洋,副主任医师,贫血科,中国医学科学院血液病医院（血液学研究所）,10.0,擅长：白血病，再生障碍性贫血，缺铁性贫血，骨髓增生异常...,￥200,￥300
柳青,副主任医师,神经科,北京协和医院,9.8,擅长：脑血管病，癫痫，睡眠障碍，运动神经元病，家族遗传...,￥600,暂无排班
吴庆军,主任医师,风湿免疫科,北京协和医院,9.9,擅长：诊治系统性红斑狼疮、干燥综合征、类风湿关节炎、脊...,未开通,未开通
张广文,主治医师,消化内科,西京医院,9.9,擅长：消化内科急危重症，消化道出血，肝硬化，门脉高压，...,￥50,暂无排班
周琦,副主任医师,消化肠病专科,华中科技大学同济医学院附属同济医院,10.0,擅长：慢性萎缩性胃炎等癌前病变、内镜下消化道早期肿瘤的...,￥150,暂无排班
张东华,主任医师,造血干细胞专病,华中科技大学同济医学院附属同济医院,9.9,擅长：各种血液病，特别是恶性血液病（如急性、慢性白血病...,￥50,￥100
邵凌云,主任医师,感染发热,复旦大学附属华山医院,9.7,擅长：专长发热待查、中枢神经系统感染、泌尿系统感染、E...,￥150,未开通
骆翔,主任医师,神经内科,华中科技大学同济医学院附属同济医院,9.7,擅长：脑血管疾病(特别是缺血性脑血管病的介入诊断和治疗...,￥300,暂无排班
黄岩,副主任医师,心内科,中国医学科学院阜外医院,10.0,擅长：善于中西医结合治疗风湿性心脏病，心律失常，心肌病...,￥70,未开通
汤荟冬,主任医师,门诊神内,上海交通大学医学院附属瑞金医院,9.8,擅长：记忆力减退、癫痫,￥200,未开通
张玉洁,主治医师,消化内科,西京医院,10.0,擅长：专注炎症性肠病（溃疡性结肠炎、克罗恩病）的诊治。,未开通,￥100
田磊,主任医师,心内科,首都医科大学附属北京安贞医院,9.9,擅长：冠心病介入治疗。冠心病、急性心梗，冠心病合并糖尿...,￥100,￥300
周宁,副主任医师,消化内科,浙江大学医学院附属第一医院,9.9,擅长：胃食管反流病、消化性溃疡、胃炎、消化道出血、消化...,￥100,￥280
陈苗,副主任医师,血液内科,北京协和医院,10.0,擅长：再生障碍性贫血、骨髓增生异常综合征、溶血性贫血、...,￥300,未开通
钱卫冲,主任医师,二院心血管科门诊,江苏省人民医院,9.9,擅长：对高血压病、血脂异常、冠心病心绞痛心肌梗塞、心律...,￥50,未开通
赵鸿琛,主治医师,神经内科,复旦大学附属华山医院,9.9,擅长：每周二上午开设“颈动脉/脑动脉狭窄专病门诊”，该...,￥58,未开通
张琪,主任医师,神经内科,天津市静海区医院,10.0,擅长：脑血管病、神经肌肉病、神经退行性疾病、神经内科等...,￥80,￥200
曹金霞,主任医师,神经内科,连云港市第二人民医院东院,10.0,擅长：头痛，头晕，脑卒中，失眠，焦虑，抑郁及各种躯...,￥50,￥60
刘海娜,副主任医师,风湿科,中国医科大学附属第一医院,10.0,擅长：类风湿关节炎、系统性红斑狼疮,￥100,暂无排班
张琳琳,副主任医师,心内科,首都医科大学附属北京安贞医院,10.0,擅长：冠心病、心律失常、高脂血症、高血压,￥50,￥50
顾晓萌,副主任医师,消化内科,山东大学齐鲁医院,10.0,擅长：激光共聚焦内镜、胶囊内镜诊断治疗技术,￥20,暂无排班
张爱森,副主任医师,老年内分泌科门诊,江苏省人民医院,10.0,擅长：内分泌科常见疾病的诊断与治疗，包括骨质疏松，甲状...,￥30,未开通
王洪华,主治医师,内分泌科,丽水微医互联网医院,10.0,擅长：甲状腺机能亢进、皮炎，湿疹，皮肤性病，2型糖尿病...,￥50,暂无排班
孙为豪,主任医师,老年消化内科门诊,江苏省人民医院,9.8,擅长：消化内科各种疾病的诊治，尤其慢性胃炎的合理用药，...,￥150,￥150
秦胜梅,副主任医师,心内科,复旦大学附属中山医院,9.9,擅长：快速和缓慢心律失常诊治，起搏器植入和随访，心衰的...,￥200,未开通
柏愚,副主任医师,消化内科,上海长海医院,9.9,擅长：胃、结肠、胰腺、胆道疾病的内镜诊断与治疗，包括胃...,￥599,￥999
杨铁生,主任医师,风湿免疫科,北京大学人民医院,9.8,擅长：风湿性疾病包括类风湿关节炎、干燥综合征、系统性红...,￥300,￥500
张璐,副主任医师,血液科专家,华中科技大学同济医学院附属协和医院,10.0,擅长：血液科贫血和淋巴瘤等相关疾病的治疗,￥60,未开通
张家源,副主任医师,血液内科,中国医学科学院血液病医院（血液学研究所）,9.3,擅长：白血病，淋巴癌，多发性骨髓瘤，再生障碍性贫血，免...,￥50,￥100
姜敏,主任医师,消化内科,中国医科大学附属第一医院,9.9,擅长：食管、胃、肠道、肝、胆、胰腺以及腹腔常见病、多发...,￥100,￥100
李群,副主任医师,肾脏病,浙江大学医学院附属第一医院,10.0,擅长：慢性肾小球肾炎、IgA肾病、狼疮性肾炎、慢性肾功...,￥60,￥120
吕晓毅,副主任医师,血液科,中国医科大学附属第一医院,10.0,擅长：常见、疑难和罕见血液疾病常见血液病：如再生障碍...,￥50,￥100
邵耘,主任医师,老年消化内科门诊,江苏省人民医院,10.0,擅长：擅长胃食管反流病、慢性胃炎、幽门螺杆菌感染、消化...,未开通,￥200
张林杉,主治医师,内分泌科,复旦大学附属中山医院,10.0,擅长： 糖尿病、高血脂、高尿酸血症、肥胖、非酒精性脂肪...,￥99,未开通
官振标,副主任医师,呼吸内科,上海长海医院,10.0,擅长：肺部良恶性肿瘤的诊断及规范化治疗，慢阻肺、支气管...,￥100,￥300
袁晓勇,副主任医师,内分泌内科,北京大学第一医院,10.0,擅长：减重饮食和药物，糖尿病，糖尿病高危足筛查，甲状腺...,￥199,暂无排班
吴祖波,主治医师,儿童风湿免疫专科,华中科技大学同济医学院附属协和医院,10.0,擅长：心血管、呼吸、消化系统等儿童常见病及多发病。,￥36,暂无排班
肖宜超,主治医师,心血管内科门诊,中南大学湘雅二医院,9.9,擅长：长期从事心血管内科疾病诊治，尤其熟悉介入心脏病学...,￥200,暂无排班
廖莹,副主任医师,肾内科,深圳市第二人民医院,10.0,擅长：肾小球肾炎，腹膜透析，血液透析，继发性甲旁亢，肾...,￥25,￥60
梁力晖,主任医师,普通内科,湖南省人民医院,9.9,擅长：老年心脑血管病及糖尿病、甲亢、骨质疏松、痛风等代...,￥24,￥50
徐鹃鹃,副主任医师,感染科,天津医科大学总医院,9.9,擅长：新冠病毒肺炎，发热，病毒性肝炎，狂犬病，疫苗接种...,￥78,￥189
黄益澄,副主任医师,感染病科,浙江省人民医院,10.0,擅长：各种肝病（包括各种病毒性肝炎，药物性肝炎，酒精性...,￥30,￥50
杨月,主治医师,呼吸内科诊室,哈尔滨医科大学附属第一医院,10.0,"擅长：呼吸内科常见病包括肺炎,慢性阻塞性肺疾病,支气管...",￥66,未开通
张瑾,副主任医师,心内科,复旦大学附属华山医院,9.9,擅长：冠心病、高血压、心律失常、心肌病等常见心血管病诊...,￥200,￥500
庞建华,主任医师,内分泌1科,河北医科大学第三医院,10.0,擅长：从事临床内分泌及代谢性专业近30年，擅长糖尿病及...,￥50,￥80
卢立新,主任医师,肾病科,泰安市中医医院,9.9,擅长：从事临床工作30余年，独创三元疗法治疗各种肾病及...,￥0,￥200
罗莉,主任医师,内分泌科门诊,安徽医科大学第一附属医院高新院区,10.0,擅长：甲亢、加减、甲状腺结节、糖尿病、内分泌疾病的诊断...,￥50,￥200
陈火元,主任医师,心血管内科,辽宁省人民医院,10.0,擅长：先天性心脏病（房间隔缺损，动脉导管未闭，室间隔缺...,￥20,￥50
陈立,主任医师,消化内科,上海交通大学医学院附属瑞金医院,9.8,擅长：不明原因肝功异常、黄疸、腹水的诊治，擅长各类肝炎...,￥199,未开通
董民,主任医师,感染疾病科,枣庄市立医院,10.0,擅长：常见感染肝病相关疾病，感染性疾病诊治,￥50,￥200
陈果,副主任医师,呼吸科,四川省医学科学院·四川省人民医院,10.0,擅长：慢性阻塞性肺疾病、哮喘、肺炎、支气管炎、支气管扩...,￥40,￥200
李美珍,主任医师,内分泌科,东营市人民医院,10.0,擅长：糖尿病、甲亢等内分泌代谢病治疗,￥20,￥50
衡定,主治医师,消化内科门诊,江苏省人民医院,10.0,擅长：消化道早癌、胃幽门螺杆菌感染、胃食管反流病、便秘...,￥69,暂无排班
曲爱忠,副主任医师,血液病科,潍坊市益都中心医院,10.0,擅长：淋巴瘤，贫血，血小板增多，血小板减少，肺癌，食管...,￥30,￥40
何朝荣,主任医师,心血管内科,十堰市太和医院,10.0,擅长：冠心病，心律失常及血栓性疾病防治,￥30,未开通
张楠,主任医师,神经内科,天津医科大学总医院,10.0,擅长：老年期痴呆和认知障碍，阿尔茨海默病，血管性痴呆，...,￥150,未开通
胡颖,主治医师,神经内科门诊(绩溪路),安徽医科大学第一附属医院绩溪路院区,10.0,擅长：神经内科常见疾病的诊治,￥20,暂无排班
刘凯,主治医师,心血管内科,安庆市立医院,10.0,擅长：刘凯，心内科主治医师，于2011年毕业于安徽医科...,￥40,￥50
成嘉,主治医师,呼吸内科,甘肃省第二人民医院,10.0,擅长：新冠感染，新冠肺炎救治工作，肺部阴影、小结节，上...,￥10,￥30
李诗贤,副主任医师,内科,滕州市中医医院,10.0,擅长：内科系统常见病多发病，及疑难杂症的诊疗，对心血管...,￥50,￥20
俞一飞,主治医师,内分泌科,复旦大学附属华山医院,10.0,擅长：针对糖尿病、甲状腺疾病、垂体瘤等内分泌疾病有丰富...,￥30,暂无排班
王汉民,副主任医师,肾病内科,西京医院,10.0,擅长：难治性肾病综合征，lgA肾病，糖尿病肾病，狼疮性...,￥50,未开通
高峰,主任医师,内分泌科(普),华中科技大学同济医学院附属协和医院,10.0,擅长：身材矮小症、肥胖症、肥胖型糖尿病、甲状腺疾病等,￥100,￥200
王从容,主任医师,内分泌科门诊专家,上海市第四人民医院,9.6,擅长：家族遗传性糖尿病、肥胖病、线粒体基因突变糖尿病的...,￥199,￥300
黄宗文,主任医师,消化内科专科门诊(温江),四川大学华西医院,9.9,擅长：中西医结合治疗重症急性胰腺炎、肠梗阻、胃肠动力障...,￥80,暂无排班
卢瑗瑗,副主任医师,消化内科,西京医院,10.0,擅长：消化系统肿瘤的诊疗，化疗、分子靶向治疗、免疫治疗...,￥120,未开通
张静,副主任医师,消化内科,西京医院,9.9,擅长：消化内科相关疾病,￥60,未开通
刘尚勤,主任医师,血液科,武汉大学中南医院,10.0,擅长：多发性骨髓瘤、骨髓增生异常综合征、难治性贫血、慢...,￥50,￥50
李刚,主任医师,心血管内科(郑东)(郑东院区),郑州大学第一附属医院,10.0,擅长：生殖内分泌、男女不孕症、辅助生殖技术等方面有丰富...,￥59,￥300
杨珍,副主任医师,过敏免疫科,上海儿童医学中心,9.9,擅长：对小儿常见疾病、及小儿内科、小儿过敏免疫等疾病的...,￥150,未开通
李筠,主任医师,心血管专科,上海儿童医学中心,9.8,擅长：对儿科常见病诊治经验丰富，常年从事小儿先心病的心...,￥200,未开通
苏欣,主任医师,内分泌科门诊,中南大学湘雅二医院,9.9,擅长：糖尿病、肾上腺疾病、甲状腺疾病、性腺及垂体疾病、...,￥30,未开通
于浩泳,主任医师,内分泌代谢科,上海市第六人民医院,9.8,擅长：内分泌常见病、少见内分泌疾病诊治及糖尿病手术治疗...,￥326,暂无排班
全俊,主任医师,感染病科,中南大学湘雅医院,9.8,擅长：乙肝，丙肝及各种肝硬化，不明原因肝功能异常，脂...,￥100,暂无排班
曹桂花,副主任医师,老年病内科,西京医院,9.9,擅长：老年冠心病、心衰、高血压、糖尿病、肺部相关疾病、...,￥38,￥98
焦成松,副主任医师,感染科肝病,华中科技大学同济医学院附属同济医院,9.8,擅长：各类肝病以及不明原因发热等疑难杂症的诊断和治疗。,￥40,￥80
贾卫国,副主任医师,心脏内科,四川大学华西医院,10.0,擅长：合并糖尿病、甲亢等内分泌疾患的心血管病的诊治。,￥150,暂无排班
吴瑾,副主任医师,老年医学科,北京协和医院,10.0,擅长：老年高血压、冠心病、血脂异常的诊治,￥200,暂无排班
王薇,副主任医师,感染科,上海儿童医学中心,9.7,擅长：肺炎，哮喘，慢性咳嗽，EB病毒等其它感染性疾病,￥300,￥500
周凡,主任医师,血液科,北部战区总医院,10.0,擅长：对白血病、淋巴瘤、多发性骨髓瘤、再生障碍性贫血、...,￥50,￥30
夏军权,主任医师,消化科,固生堂南京宁西分院,9.9,擅长：消化科相关疾病,￥100,￥200
刘丰,副主任医师,结肠炎专科,广东省中医院大德路总院,9.0,擅长：内科杂病，尤其擅长中西医结合诊治慢性结肠炎、胃炎...,￥80,￥200
李锋,主任医师,肺内科,上海交通大学附属胸科医院,9.9,擅长：哮喘、慢阻肺、肺部感染、间质性肺病（肺纤维化）、...,￥200,￥200
邹善华,主任医师,血液科,复旦大学附属中山医院,9.9,擅长：淋巴结肿大、淋巴瘤、多发性骨髓瘤、M蛋白血症、各...,￥260,暂无排班
黄洪锋,主任医师,肾脏病中心门诊,浙江大学医学院附属第一医院,10.0,擅长：肾移植,￥50,未开通
张宇清,主任医师,心内科,中国医学科学院阜外医院,9.8,擅长：原发和继发性高血压、难治性高血压，心力衰竭。,￥200,未开通
闻杰,主任医师,内分泌科,复旦大学附属华山医院,9.6,擅长：糖尿病及其慢性并发症的综合管理及最新治疗手段精细...,￥500,￥500
吴鹏波,主治医师,消化内科,武汉大学人民医院,10.0,擅长：武汉金银潭支援新冠三个月，擅长胃炎(腹痛)，消化...,￥50,￥150
刘艳霞,副主任医师,内分泌与代谢病科(河医院区),郑州大学第一附属医院,10.0,擅长：糖尿病及其急慢性并发症，多囊卵巢综合征、肾上腺性...,￥30,未开通
陈盛,副主任医师,脉管瘤门诊,上海儿童医学中心,10.0,擅长：微创治疗儿童腹股沟疝、鞘膜积液、生殖器疾病、先天...,￥49,￥70
展平,副主任医师,呼吸内科,南京大学医学院附属金陵医院（东部战区总医院）,9.9,擅长：呼吸内科常见疾病的诊断与治疗，对肺癌、肺部结节、...,￥99,￥198
